sample_id,filename,coverage,total_gbp,n50,https_url
HG00097,10_31_23_R1041_HPRC_HG00097_1_dorado0.6.0_sup4.3.0_5mCG_5hmCG.bam,21.08,69.57,92807,https://s3-us-west-2.amazonaws.com/human-pangenomics/working/HPRC/HG00097/raw_data/nanopore/dorado0.6.0_sup4.3.0_5mCG_5hmCG/10_31_23_R1041_HPRC_HG00097_1_dorado0.6.0_sup4.3.0_5mCG_5hmCG.bam
HG00097,10_31_23_R1041_HPRC_HG00097_3_dorado0.6.0_sup4.3.0_5mCG_5hmCG.bam,18.14,59.85,86436,https://s3-us-west-2.amazonaws.com/human-pangenomics/working/HPRC/HG00097/raw_data/nanopore/dorado0.6.0_sup4.3.0_5mCG_5hmCG/10_31_23_R1041_HPRC_HG00097_3_dorado0.6.0_sup4.3.0_5mCG_5hmCG.bam
HG00097,10_31_23_R1041_HPRC_HG00097_2_dorado0.6.0_sup4.3.0_5mCG_5hmCG.bam,17.87,58.99,87484,https://s3-us-west-2.amazonaws.com/human-pangenomics/working/HPRC/HG00097/raw_data/nanopore/dorado0.6.0_sup4.3.0_5mCG_5hmCG/10_31_23_R1041_HPRC_HG00097_2_dorado0.6.0_sup4.3.0_5mCG_5hmCG.bam
HG00126,08_29_23_R1041_HPRC_HG00126_1_dorado0.6.0_sup4.3.0_5mCG_5hmCG.bam,24.61,81.21,106499,https://s3-us-west-2.amazonaws.com/human-pangenomics/working/HPRC/HG00126/raw_data/nanopore/dorado0.6.0_sup4.3.0_5mCG_5hmCG/08_29_23_R1041_HPRC_HG00126_1_dorado0.6.0_sup4.3.0_5mCG_5hmCG.bam
HG00126,08_29_23_R1041_HPRC_HG00126_3_dorado0.6.0_sup4.3.0_5mCG_5hmCG.bam,23.61,77.92,107052,https://s3-us-west-2.amazonaws.com/human-pangenomics/working/HPRC/HG00126/raw_data/nanopore/dorado0.6.0_sup4.3.0_5mCG_5hmCG/08_29_23_R1041_HPRC_HG00126_3_dorado0.6.0_sup4.3.0_5mCG_5hmCG.bam
HG00126,08_29_23_R1041_HPRC_HG00126_2_dorado0.6.0_sup4.3.0_5mCG_5hmCG.bam,22.72,74.97,108239,https://s3-us-west-2.amazonaws.com/human-pangenomics/working/HPRC/HG00126/raw_data/nanopore/dorado0.6.0_sup4.3.0_5mCG_5hmCG/08_29_23_R1041_HPRC_HG00126_2_dorado0.6.0_sup4.3.0_5mCG_5hmCG.bam
HG00128,11_7_23_R1041_HPRC_HG00128_2_dorado0.6.0_sup4.3.0_5mCG_5hmCG.bam,19.34,63.81,93647,https://s3-us-west-2.amazonaws.com/human-pangenomics/working/HPRC/HG00128/raw_data/nanopore/dorado0.6.0_sup4.3.0_5mCG_5hmCG/11_7_23_R1041_HPRC_HG00128_2_dorado0.6.0_sup4.3.0_5mCG_5hmCG.bam
HG00128,11_7_23_R1041_HPRC_HG00128_3_dorado0.6.0_sup4.3.0_5mCG_5hmCG.bam,22.03,72.68,89307,https://s3-us-west-2.amazonaws.com/human-pangenomics/working/HPRC/HG00128/raw_data/nanopore/dorado0.6.0_sup4.3.0_5mCG_5hmCG/11_7_23_R1041_HPRC_HG00128_3_dorado0.6.0_sup4.3.0_5mCG_5hmCG.bam
HG00128,11_7_23_R1041_HPRC_HG00128_1_dorado0.6.0_sup4.3.0_5mCG_5hmCG.bam,18.15,59.89,94669,https://s3-us-west-2.amazonaws.com/human-pangenomics/working/HPRC/HG00128/raw_data/nanopore/dorado0.6.0_sup4.3.0_5mCG_5hmCG/11_7_23_R1041_HPRC_HG00128_1_dorado0.6.0_sup4.3.0_5mCG_5hmCG.bam
HG00133,08_29_23_R1041_HPRC_HG00133_1_dorado0.6.0_sup4.3.0_5mCG_5hmCG.bam,22.09,72.9,102081,https://s3-us-west-2.amazonaws.com/human-pangenomics/working/HPRC/HG00133/raw_data/nanopore/dorado0.6.0_sup4.3.0_5mCG_5hmCG/08_29_23_R1041_HPRC_HG00133_1_dorado0.6.0_sup4.3.0_5mCG_5hmCG.bam
HG00133,08_29_23_R1041_HPRC_HG00133_2_dorado0.6.0_sup4.3.0_5mCG_5hmCG.bam,21.87,72.17,105993,https://s3-us-west-2.amazonaws.com/human-pangenomics/working/HPRC/HG00133/raw_data/nanopore/dorado0.6.0_sup4.3.0_5mCG_5hmCG/08_29_23_R1041_HPRC_HG00133_2_dorado0.6.0_sup4.3.0_5mCG_5hmCG.bam
HG00133,08_29_23_R1041_HPRC_HG00133_3_dorado0.6.0_sup4.3.0_5mCG_5hmCG.bam,22.0,72.6,108810,https://s3-us-west-2.amazonaws.com/human-pangenomics/working/HPRC/HG00133/raw_data/nanopore/dorado0.6.0_sup4.3.0_5mCG_5hmCG/08_29_23_R1041_HPRC_HG00133_3_dorado0.6.0_sup4.3.0_5mCG_5hmCG.bam
HG00146,11_14_23_R1041_HPRC_HG00146_1_dorado0.6.0_sup4.3.0_5mCG_5hmCG.bam,13.63,44.97,82974,https://s3-us-west-2.amazonaws.com/human-pangenomics/working/HPRC/HG00146/raw_data/nanopore/dorado0.6.0_sup4.3.0_5mCG_5hmCG/11_14_23_R1041_HPRC_HG00146_1_dorado0.6.0_sup4.3.0_5mCG_5hmCG.bam
HG00146,01_23_24_R1041_HPRC_HG00146_2_dorado0.6.0_sup4.3.0_5mCG_5hmCG.bam,11.42,37.67,118833,https://s3-us-west-2.amazonaws.com/human-pangenomics/working/HPRC/HG00146/raw_data/nanopore/dorado0.6.0_sup4.3.0_5mCG_5hmCG/01_23_24_R1041_HPRC_HG00146_2_dorado0.6.0_sup4.3.0_5mCG_5hmCG.bam
HG00146,01_23_24_R1041_HPRC_HG00146_3_dorado0.6.0_sup4.3.0_5mCG_5hmCG.bam,10.58,34.92,118003,https://s3-us-west-2.amazonaws.com/human-pangenomics/working/HPRC/HG00146/raw_data/nanopore/dorado0.6.0_sup4.3.0_5mCG_5hmCG/01_23_24_R1041_HPRC_HG00146_3_dorado0.6.0_sup4.3.0_5mCG_5hmCG.bam
HG00146,01_23_24_R1041_HPRC_HG00146_1_dorado0.6.0_sup4.3.0_5mCG_5hmCG.bam,15.05,49.68,123670,https://s3-us-west-2.amazonaws.com/human-pangenomics/working/HPRC/HG00146/raw_data/nanopore/dorado0.6.0_sup4.3.0_5mCG_5hmCG/01_23_24_R1041_HPRC_HG00146_1_dorado0.6.0_sup4.3.0_5mCG_5hmCG.bam
HG00146,11_14_23_R1041_HPRC_HG00146_2_dorado0.6.0_sup4.3.0_5mCG_5hmCG.bam,13.39,44.2,89361,https://s3-us-west-2.amazonaws.com/human-pangenomics/working/HPRC/HG00146/raw_data/nanopore/dorado0.6.0_sup4.3.0_5mCG_5hmCG/11_14_23_R1041_HPRC_HG00146_2_dorado0.6.0_sup4.3.0_5mCG_5hmCG.bam
HG00146,11_14_23_R1041_HPRC_HG00146_3_dorado0.6.0_sup4.3.0_5mCG_5hmCG.bam,11.92,39.35,82847,https://s3-us-west-2.amazonaws.com/human-pangenomics/working/HPRC/HG00146/raw_data/nanopore/dorado0.6.0_sup4.3.0_5mCG_5hmCG/11_14_23_R1041_HPRC_HG00146_3_dorado0.6.0_sup4.3.0_5mCG_5hmCG.bam
HG00232,01_23_24_R1041_HPRC_HG00232_2_dorado0.6.0_sup4.3.0_5mCG_5hmCG.bam,19.87,65.58,49461,https://s3-us-west-2.amazonaws.com/human-pangenomics/working/HPRC/HG00232/raw_data/nanopore/dorado0.6.0_sup4.3.0_5mCG_5hmCG/01_23_24_R1041_HPRC_HG00232_2_dorado0.6.0_sup4.3.0_5mCG_5hmCG.bam
HG00232,11_14_23_R1041_HPRC_HG00232_1_dorado0.6.0_sup4.3.0_5mCG_5hmCG.bam,16.29,53.77,65000,https://s3-us-west-2.amazonaws.com/human-pangenomics/working/HPRC/HG00232/raw_data/nanopore/dorado0.6.0_sup4.3.0_5mCG_5hmCG/11_14_23_R1041_HPRC_HG00232_1_dorado0.6.0_sup4.3.0_5mCG_5hmCG.bam
HG00232,01_23_24_R1041_HPRC_HG00232_3_dorado0.6.0_sup4.3.0_5mCG_5hmCG.bam,4.31,14.22,83581,https://s3-us-west-2.amazonaws.com/human-pangenomics/working/HPRC/HG00232/raw_data/nanopore/dorado0.6.0_sup4.3.0_5mCG_5hmCG/01_23_24_R1041_HPRC_HG00232_3_dorado0.6.0_sup4.3.0_5mCG_5hmCG.bam
HG00232,11_14_23_R1041_HPRC_HG00232_4_dorado0.6.0_sup4.3.0_5mCG_5hmCG.bam,12.39,40.88,63321,https://s3-us-west-2.amazonaws.com/human-pangenomics/working/HPRC/HG00232/raw_data/nanopore/dorado0.6.0_sup4.3.0_5mCG_5hmCG/11_14_23_R1041_HPRC_HG00232_4_dorado0.6.0_sup4.3.0_5mCG_5hmCG.bam
HG00232,11_14_23_R1041_HPRC_HG00232_2_dorado0.6.0_sup4.3.0_5mCG_5hmCG.bam,19.26,63.54,65468,https://s3-us-west-2.amazonaws.com/human-pangenomics/working/HPRC/HG00232/raw_data/nanopore/dorado0.6.0_sup4.3.0_5mCG_5hmCG/11_14_23_R1041_HPRC_HG00232_2_dorado0.6.0_sup4.3.0_5mCG_5hmCG.bam
HG00232,01_23_24_R1041_HPRC_HG00232_1_dorado0.6.0_sup4.3.0_5mCG_5hmCG.bam,14.17,46.77,8954,https://s3-us-west-2.amazonaws.com/human-pangenomics/working/HPRC/HG00232/raw_data/nanopore/dorado0.6.0_sup4.3.0_5mCG_5hmCG/01_23_24_R1041_HPRC_HG00232_1_dorado0.6.0_sup4.3.0_5mCG_5hmCG.bam
HG00232,01_23_24_R1041_HPRC_HG00232_4_dorado0.6.0_sup4.3.0_5mCG_5hmCG.bam,4.11,13.56,93635,https://s3-us-west-2.amazonaws.com/human-pangenomics/working/HPRC/HG00232/raw_data/nanopore/dorado0.6.0_sup4.3.0_5mCG_5hmCG/01_23_24_R1041_HPRC_HG00232_4_dorado0.6.0_sup4.3.0_5mCG_5hmCG.bam
HG00232,11_14_23_R1041_HPRC_HG00232_3_dorado0.6.0_sup4.3.0_5mCG_5hmCG.bam,1.6,5.28,68492,https://s3-us-west-2.amazonaws.com/human-pangenomics/working/HPRC/HG00232/raw_data/nanopore/dorado0.6.0_sup4.3.0_5mCG_5hmCG/11_14_23_R1041_HPRC_HG00232_3_dorado0.6.0_sup4.3.0_5mCG_5hmCG.bam
HG00235,01_16_24_R1041_HPRC_HG00235_2_dorado0.6.0_sup4.3.0_5mCG_5hmCG.bam,23.78,78.47,81349,https://s3-us-west-2.amazonaws.com/human-pangenomics/working/HPRC/HG00235/raw_data/nanopore/dorado0.6.0_sup4.3.0_5mCG_5hmCG/01_16_24_R1041_HPRC_HG00235_2_dorado0.6.0_sup4.3.0_5mCG_5hmCG.bam
HG00235,01_16_24_R1041_HPRC_HG00235_3_dorado0.6.0_sup4.3.0_5mCG_5hmCG.bam,13.87,45.77,85339,https://s3-us-west-2.amazonaws.com/human-pangenomics/working/HPRC/HG00235/raw_data/nanopore/dorado0.6.0_sup4.3.0_5mCG_5hmCG/01_16_24_R1041_HPRC_HG00235_3_dorado0.6.0_sup4.3.0_5mCG_5hmCG.bam
HG00235,10_10_23_R1041_HPRC_HG00235_1_dorado0.6.0_sup4.3.0_5mCG_5hmCG.bam,5.26,17.37,93203,https://s3-us-west-2.amazonaws.com/human-pangenomics/working/HPRC/HG00235/raw_data/nanopore/dorado0.6.0_sup4.3.0_5mCG_5hmCG/10_10_23_R1041_HPRC_HG00235_1_dorado0.6.0_sup4.3.0_5mCG_5hmCG.bam
HG00235,01_16_24_R1041_HPRC_HG00235_1_dorado0.6.0_sup4.3.0_5mCG_5hmCG.bam,23.41,77.26,82094,https://s3-us-west-2.amazonaws.com/human-pangenomics/working/HPRC/HG00235/raw_data/nanopore/dorado0.6.0_sup4.3.0_5mCG_5hmCG/01_16_24_R1041_HPRC_HG00235_1_dorado0.6.0_sup4.3.0_5mCG_5hmCG.bam
HG00235,10_10_23_R1041_HPRC_HG00235_3_dorado0.6.0_sup4.3.0_5mCG_5hmCG.bam,4.73,15.61,92297,https://s3-us-west-2.amazonaws.com/human-pangenomics/working/HPRC/HG00235/raw_data/nanopore/dorado0.6.0_sup4.3.0_5mCG_5hmCG/10_10_23_R1041_HPRC_HG00235_3_dorado0.6.0_sup4.3.0_5mCG_5hmCG.bam
HG00235,01_16_24_R1041_HPRC_HG00235_4_dorado0.6.0_sup4.3.0_5mCG_5hmCG.bam,15.67,51.72,72262,https://s3-us-west-2.amazonaws.com/human-pangenomics/working/HPRC/HG00235/raw_data/nanopore/dorado0.6.0_sup4.3.0_5mCG_5hmCG/01_16_24_R1041_HPRC_HG00235_4_dorado0.6.0_sup4.3.0_5mCG_5hmCG.bam
HG00235,10_10_23_R1041_HPRC_HG00235_2_dorado0.6.0_sup4.3.0_5mCG_5hmCG.bam,4.32,14.27,93132,https://s3-us-west-2.amazonaws.com/human-pangenomics/working/HPRC/HG00235/raw_data/nanopore/dorado0.6.0_sup4.3.0_5mCG_5hmCG/10_10_23_R1041_HPRC_HG00235_2_dorado0.6.0_sup4.3.0_5mCG_5hmCG.bam
HG00253,10_31_23_R1041_HPRC_HG00253_1_dorado0.6.0_sup4.3.0_5mCG_5hmCG.bam,3.88,12.81,104363,https://s3-us-west-2.amazonaws.com/human-pangenomics/working/HPRC/HG00253/raw_data/nanopore/dorado0.6.0_sup4.3.0_5mCG_5hmCG/10_31_23_R1041_HPRC_HG00253_1_dorado0.6.0_sup4.3.0_5mCG_5hmCG.bam
HG00253,01_16_24_R1041_HPRC_HG00253_3_dorado0.6.0_sup4.3.0_5mCG_5hmCG.bam,24.8,81.83,83690,https://s3-us-west-2.amazonaws.com/human-pangenomics/working/HPRC/HG00253/raw_data/nanopore/dorado0.6.0_sup4.3.0_5mCG_5hmCG/01_16_24_R1041_HPRC_HG00253_3_dorado0.6.0_sup4.3.0_5mCG_5hmCG.bam
HG00253,01_16_24_R1041_HPRC_HG00253_2_dorado0.6.0_sup4.3.0_5mCG_5hmCG.bam,23.65,78.05,82055,https://s3-us-west-2.amazonaws.com/human-pangenomics/working/HPRC/HG00253/raw_data/nanopore/dorado0.6.0_sup4.3.0_5mCG_5hmCG/01_16_24_R1041_HPRC_HG00253_2_dorado0.6.0_sup4.3.0_5mCG_5hmCG.bam
HG00253,10_31_23_R1041_HPRC_HG00253_2_dorado0.6.0_sup4.3.0_5mCG_5hmCG.bam,1.67,5.5,92612,https://s3-us-west-2.amazonaws.com/human-pangenomics/working/HPRC/HG00253/raw_data/nanopore/dorado0.6.0_sup4.3.0_5mCG_5hmCG/10_31_23_R1041_HPRC_HG00253_2_dorado0.6.0_sup4.3.0_5mCG_5hmCG.bam
HG00253,01_16_24_R1041_HPRC_HG00253_1_dorado0.6.0_sup4.3.0_5mCG_5hmCG.bam,22.02,72.68,80750,https://s3-us-west-2.amazonaws.com/human-pangenomics/working/HPRC/HG00253/raw_data/nanopore/dorado0.6.0_sup4.3.0_5mCG_5hmCG/01_16_24_R1041_HPRC_HG00253_1_dorado0.6.0_sup4.3.0_5mCG_5hmCG.bam
HG00253,10_31_23_R1041_HPRC_HG00253_3_dorado0.6.0_sup4.3.0_5mCG_5hmCG.bam,3.38,11.16,100249,https://s3-us-west-2.amazonaws.com/human-pangenomics/working/HPRC/HG00253/raw_data/nanopore/dorado0.6.0_sup4.3.0_5mCG_5hmCG/10_31_23_R1041_HPRC_HG00253_3_dorado0.6.0_sup4.3.0_5mCG_5hmCG.bam
HG00272,08_08_23_R1041_HPRC_HG00272_2_dorado0.6.0_sup4.3.0_5mCG_5hmCG.bam,19.93,65.78,81750,https://s3-us-west-2.amazonaws.com/human-pangenomics/working/HPRC/HG00272/raw_data/nanopore/dorado0.6.0_sup4.3.0_5mCG_5hmCG/08_08_23_R1041_HPRC_HG00272_2_dorado0.6.0_sup4.3.0_5mCG_5hmCG.bam
HG00272,08_08_23_R1041_HPRC_HG00272_3_dorado0.6.0_sup4.3.0_5mCG_5hmCG.bam,18.7,61.72,79037,https://s3-us-west-2.amazonaws.com/human-pangenomics/working/HPRC/HG00272/raw_data/nanopore/dorado0.6.0_sup4.3.0_5mCG_5hmCG/08_08_23_R1041_HPRC_HG00272_3_dorado0.6.0_sup4.3.0_5mCG_5hmCG.bam
HG00272,08_08_23_R1041_HPRC_HG00272_1_dorado0.6.0_sup4.3.0_5mCG_5hmCG.bam,23.68,78.16,76976,https://s3-us-west-2.amazonaws.com/human-pangenomics/working/HPRC/HG00272/raw_data/nanopore/dorado0.6.0_sup4.3.0_5mCG_5hmCG/08_08_23_R1041_HPRC_HG00272_1_dorado0.6.0_sup4.3.0_5mCG_5hmCG.bam
HG00290,01_23_24_R1041_HPRC_HG00290_1_dorado0.6.0_sup4.3.0_5mCG_5hmCG.bam,26.02,85.86,79821,https://s3-us-west-2.amazonaws.com/human-pangenomics/working/HPRC/HG00290/raw_data/nanopore/dorado0.6.0_sup4.3.0_5mCG_5hmCG/01_23_24_R1041_HPRC_HG00290_1_dorado0.6.0_sup4.3.0_5mCG_5hmCG.bam
HG00290,11_7_23_R1041_HPRC_HG00290_1_dorado0.6.0_sup4.3.0_5mCG_5hmCG.bam,14.16,46.73,76644,https://s3-us-west-2.amazonaws.com/human-pangenomics/working/HPRC/HG00290/raw_data/nanopore/dorado0.6.0_sup4.3.0_5mCG_5hmCG/11_7_23_R1041_HPRC_HG00290_1_dorado0.6.0_sup4.3.0_5mCG_5hmCG.bam
HG00290,11_7_23_R1041_HPRC_HG00290_2_dorado0.6.0_sup4.3.0_5mCG_5hmCG.bam,15.95,52.64,77222,https://s3-us-west-2.amazonaws.com/human-pangenomics/working/HPRC/HG00290/raw_data/nanopore/dorado0.6.0_sup4.3.0_5mCG_5hmCG/11_7_23_R1041_HPRC_HG00290_2_dorado0.6.0_sup4.3.0_5mCG_5hmCG.bam
HG00290,01_23_24_R1041_HPRC_HG00290_2_dorado0.6.0_sup4.3.0_5mCG_5hmCG.bam,22.37,73.82,78490,https://s3-us-west-2.amazonaws.com/human-pangenomics/working/HPRC/HG00290/raw_data/nanopore/dorado0.6.0_sup4.3.0_5mCG_5hmCG/01_23_24_R1041_HPRC_HG00290_2_dorado0.6.0_sup4.3.0_5mCG_5hmCG.bam
HG00290,11_7_23_R1041_HPRC_HG00290_3_dorado0.6.0_sup4.3.0_5mCG_5hmCG.bam,15.76,52.02,75479,https://s3-us-west-2.amazonaws.com/human-pangenomics/working/HPRC/HG00290/raw_data/nanopore/dorado0.6.0_sup4.3.0_5mCG_5hmCG/11_7_23_R1041_HPRC_HG00290_3_dorado0.6.0_sup4.3.0_5mCG_5hmCG.bam
HG00320,12_12_23_R1041_HPRC_HG00320_1_dorado0.6.0_sup4.3.0_5mCG_5hmCG.bam,25.12,82.89,85278,https://s3-us-west-2.amazonaws.com/human-pangenomics/working/HPRC/HG00320/raw_data/nanopore/dorado0.6.0_sup4.3.0_5mCG_5hmCG/12_12_23_R1041_HPRC_HG00320_1_dorado0.6.0_sup4.3.0_5mCG_5hmCG.bam
HG00320,12_12_23_R1041_HPRC_HG00320_2_dorado0.6.0_sup4.3.0_5mCG_5hmCG.bam,26.7,88.1,84788,https://s3-us-west-2.amazonaws.com/human-pangenomics/working/HPRC/HG00320/raw_data/nanopore/dorado0.6.0_sup4.3.0_5mCG_5hmCG/12_12_23_R1041_HPRC_HG00320_2_dorado0.6.0_sup4.3.0_5mCG_5hmCG.bam
HG00320,12_12_23_R1041_HPRC_HG00320_3_dorado0.6.0_sup4.3.0_5mCG_5hmCG.bam,25.62,84.54,82160,https://s3-us-west-2.amazonaws.com/human-pangenomics/working/HPRC/HG00320/raw_data/nanopore/dorado0.6.0_sup4.3.0_5mCG_5hmCG/12_12_23_R1041_HPRC_HG00320_3_dorado0.6.0_sup4.3.0_5mCG_5hmCG.bam
HG00321,11_7_23_R1041_HPRC_HG00321_2_dorado0.6.0_sup4.3.0_5mCG_5hmCG.bam,0.52,1.7,75741,https://s3-us-west-2.amazonaws.com/human-pangenomics/working/HPRC/HG00321/raw_data/nanopore/dorado0.6.0_sup4.3.0_5mCG_5hmCG/11_7_23_R1041_HPRC_HG00321_2_dorado0.6.0_sup4.3.0_5mCG_5hmCG.bam
HG00321,11_7_23_R1041_HPRC_HG00321_3_dorado0.6.0_sup4.3.0_5mCG_5hmCG.bam,0.9,2.99,79498,https://s3-us-west-2.amazonaws.com/human-pangenomics/working/HPRC/HG00321/raw_data/nanopore/dorado0.6.0_sup4.3.0_5mCG_5hmCG/11_7_23_R1041_HPRC_HG00321_3_dorado0.6.0_sup4.3.0_5mCG_5hmCG.bam
HG00321,01_16_24_R1041_HPRC_HG00321_1_dorado0.6.0_sup4.3.0_5mCG_5hmCG.bam,23.82,78.62,73764,https://s3-us-west-2.amazonaws.com/human-pangenomics/working/HPRC/HG00321/raw_data/nanopore/dorado0.6.0_sup4.3.0_5mCG_5hmCG/01_16_24_R1041_HPRC_HG00321_1_dorado0.6.0_sup4.3.0_5mCG_5hmCG.bam
HG00321,11_7_23_R1041_HPRC_HG00321_1_dorado0.6.0_sup4.3.0_5mCG_5hmCG.bam,1.0,3.29,81726,https://s3-us-west-2.amazonaws.com/human-pangenomics/working/HPRC/HG00321/raw_data/nanopore/dorado0.6.0_sup4.3.0_5mCG_5hmCG/11_7_23_R1041_HPRC_HG00321_1_dorado0.6.0_sup4.3.0_5mCG_5hmCG.bam
HG00321,01_16_24_R1041_HPRC_HG00321_3_dorado0.6.0_sup4.3.0_5mCG_5hmCG.bam,24.83,81.92,72480,https://s3-us-west-2.amazonaws.com/human-pangenomics/working/HPRC/HG00321/raw_data/nanopore/dorado0.6.0_sup4.3.0_5mCG_5hmCG/01_16_24_R1041_HPRC_HG00321_3_dorado0.6.0_sup4.3.0_5mCG_5hmCG.bam
HG00321,01_16_24_R1041_HPRC_HG00321_2_dorado0.6.0_sup4.3.0_5mCG_5hmCG.bam,25.81,85.18,74225,https://s3-us-west-2.amazonaws.com/human-pangenomics/working/HPRC/HG00321/raw_data/nanopore/dorado0.6.0_sup4.3.0_5mCG_5hmCG/01_16_24_R1041_HPRC_HG00321_2_dorado0.6.0_sup4.3.0_5mCG_5hmCG.bam
HG00329,10_24_23_R1041_HPRC_HG00329_1_dorado0.6.0_sup4.3.0_5mCG_5hmCG.bam,25.05,82.68,64768,https://s3-us-west-2.amazonaws.com/human-pangenomics/working/HPRC/HG00329/raw_data/nanopore/dorado0.6.0_sup4.3.0_5mCG_5hmCG/10_24_23_R1041_HPRC_HG00329_1_dorado0.6.0_sup4.3.0_5mCG_5hmCG.bam
HG00329,10_24_23_R1041_HPRC_HG00329_3_dorado0.6.0_sup4.3.0_5mCG_5hmCG.bam,34.92,115.25,63553,https://s3-us-west-2.amazonaws.com/human-pangenomics/working/HPRC/HG00329/raw_data/nanopore/dorado0.6.0_sup4.3.0_5mCG_5hmCG/10_24_23_R1041_HPRC_HG00329_3_dorado0.6.0_sup4.3.0_5mCG_5hmCG.bam
HG00329,10_24_23_R1041_HPRC_HG00329_2_dorado0.6.0_sup4.3.0_5mCG_5hmCG.bam,30.68,101.25,63150,https://s3-us-west-2.amazonaws.com/human-pangenomics/working/HPRC/HG00329/raw_data/nanopore/dorado0.6.0_sup4.3.0_5mCG_5hmCG/10_24_23_R1041_HPRC_HG00329_2_dorado0.6.0_sup4.3.0_5mCG_5hmCG.bam
HG00344,10_31_23_R1041_HPRC_HG00344_1_dorado0.6.0_sup4.3.0_5mCG_5hmCG.bam,19.17,63.27,101482,https://s3-us-west-2.amazonaws.com/human-pangenomics/working/HPRC/HG00344/raw_data/nanopore/dorado0.6.0_sup4.3.0_5mCG_5hmCG/10_31_23_R1041_HPRC_HG00344_1_dorado0.6.0_sup4.3.0_5mCG_5hmCG.bam
HG00344,10_31_23_R1041_HPRC_HG00344_2_dorado0.6.0_sup4.3.0_5mCG_5hmCG.bam,16.06,52.99,93732,https://s3-us-west-2.amazonaws.com/human-pangenomics/working/HPRC/HG00344/raw_data/nanopore/dorado0.6.0_sup4.3.0_5mCG_5hmCG/10_31_23_R1041_HPRC_HG00344_2_dorado0.6.0_sup4.3.0_5mCG_5hmCG.bam
HG00344,10_31_23_R1041_HPRC_HG00344_3_dorado0.6.0_sup4.3.0_5mCG_5hmCG.bam,15.54,51.29,95072,https://s3-us-west-2.amazonaws.com/human-pangenomics/working/HPRC/HG00344/raw_data/nanopore/dorado0.6.0_sup4.3.0_5mCG_5hmCG/10_31_23_R1041_HPRC_HG00344_3_dorado0.6.0_sup4.3.0_5mCG_5hmCG.bam
HG00350,10_24_23_R1041_HPRC_HG00350_2_dorado0.6.0_sup4.3.0_5mCG_5hmCG.bam,26.78,88.37,78400,https://s3-us-west-2.amazonaws.com/human-pangenomics/working/HPRC/HG00350/raw_data/nanopore/dorado0.6.0_sup4.3.0_5mCG_5hmCG/10_24_23_R1041_HPRC_HG00350_2_dorado0.6.0_sup4.3.0_5mCG_5hmCG.bam
HG00350,10_24_23_R1041_HPRC_HG00350_3_dorado0.6.0_sup4.3.0_5mCG_5hmCG.bam,29.91,98.69,73281,https://s3-us-west-2.amazonaws.com/human-pangenomics/working/HPRC/HG00350/raw_data/nanopore/dorado0.6.0_sup4.3.0_5mCG_5hmCG/10_24_23_R1041_HPRC_HG00350_3_dorado0.6.0_sup4.3.0_5mCG_5hmCG.bam
HG00350,10_24_23_R1041_HPRC_HG00350_1_dorado0.6.0_sup4.3.0_5mCG_5hmCG.bam,23.46,77.42,73311,https://s3-us-west-2.amazonaws.com/human-pangenomics/working/HPRC/HG00350/raw_data/nanopore/dorado0.6.0_sup4.3.0_5mCG_5hmCG/10_24_23_R1041_HPRC_HG00350_1_dorado0.6.0_sup4.3.0_5mCG_5hmCG.bam
HG01167,08_29_23_R1041_HPRC_HG01167_1_dorado0.6.0_sup4.3.0_5mCG_5hmCG.bam,23.13,76.33,98671,https://s3-us-west-2.amazonaws.com/human-pangenomics/working/HPRC/HG01167/raw_data/nanopore/dorado0.6.0_sup4.3.0_5mCG_5hmCG/08_29_23_R1041_HPRC_HG01167_1_dorado0.6.0_sup4.3.0_5mCG_5hmCG.bam
HG01167,08_29_23_R1041_HPRC_HG01167_2_dorado0.6.0_sup4.3.0_5mCG_5hmCG.bam,20.12,66.41,101335,https://s3-us-west-2.amazonaws.com/human-pangenomics/working/HPRC/HG01167/raw_data/nanopore/dorado0.6.0_sup4.3.0_5mCG_5hmCG/08_29_23_R1041_HPRC_HG01167_2_dorado0.6.0_sup4.3.0_5mCG_5hmCG.bam
HG01167,08_29_23_R1041_HPRC_HG01167_3_dorado0.6.0_sup4.3.0_5mCG_5hmCG.bam,23.42,77.28,100030,https://s3-us-west-2.amazonaws.com/human-pangenomics/working/HPRC/HG01167/raw_data/nanopore/dorado0.6.0_sup4.3.0_5mCG_5hmCG/08_29_23_R1041_HPRC_HG01167_3_dorado0.6.0_sup4.3.0_5mCG_5hmCG.bam
HG01786,11_28_23_R1041_HPRC_HG01786_3_dorado0.6.0_sup4.3.0_5mCG_5hmCG.bam,19.7,65.02,71560,https://s3-us-west-2.amazonaws.com/human-pangenomics/working/HPRC/HG01786/raw_data/nanopore/dorado0.6.0_sup4.3.0_5mCG_5hmCG/11_28_23_R1041_HPRC_HG01786_3_dorado0.6.0_sup4.3.0_5mCG_5hmCG.bam
HG01786,11_28_23_R1041_HPRC_HG01786_2_dorado0.6.0_sup4.3.0_5mCG_5hmCG.bam,32.56,107.46,69151,https://s3-us-west-2.amazonaws.com/human-pangenomics/working/HPRC/HG01786/raw_data/nanopore/dorado0.6.0_sup4.3.0_5mCG_5hmCG/11_28_23_R1041_HPRC_HG01786_2_dorado0.6.0_sup4.3.0_5mCG_5hmCG.bam
HG01786,11_28_23_R1041_HPRC_HG01786_1_dorado0.6.0_sup4.3.0_5mCG_5hmCG.bam,27.66,91.29,63397,https://s3-us-west-2.amazonaws.com/human-pangenomics/working/HPRC/HG01786/raw_data/nanopore/dorado0.6.0_sup4.3.0_5mCG_5hmCG/11_28_23_R1041_HPRC_HG01786_1_dorado0.6.0_sup4.3.0_5mCG_5hmCG.bam
HG02178,12_12_23_R1041_HPRC_HG02178_2_dorado0.6.0_sup4.3.0_5mCG_5hmCG.bam,18.16,59.94,81625,https://s3-us-west-2.amazonaws.com/human-pangenomics/working/HPRC/HG02178/raw_data/nanopore/dorado0.6.0_sup4.3.0_5mCG_5hmCG/12_12_23_R1041_HPRC_HG02178_2_dorado0.6.0_sup4.3.0_5mCG_5hmCG.bam
HG02178,12_12_23_R1041_HPRC_HG02178_3_dorado0.6.0_sup4.3.0_5mCG_5hmCG.bam,21.02,69.37,81197,https://s3-us-west-2.amazonaws.com/human-pangenomics/working/HPRC/HG02178/raw_data/nanopore/dorado0.6.0_sup4.3.0_5mCG_5hmCG/12_12_23_R1041_HPRC_HG02178_3_dorado0.6.0_sup4.3.0_5mCG_5hmCG.bam
HG02178,12_12_23_R1041_HPRC_HG02178_1_dorado0.6.0_sup4.3.0_5mCG_5hmCG.bam,20.26,66.84,75083,https://s3-us-west-2.amazonaws.com/human-pangenomics/working/HPRC/HG02178/raw_data/nanopore/dorado0.6.0_sup4.3.0_5mCG_5hmCG/12_12_23_R1041_HPRC_HG02178_1_dorado0.6.0_sup4.3.0_5mCG_5hmCG.bam
HG02392,10_31_23_R1041_HPRC_HG02392_2_dorado0.6.0_sup4.3.0_5mCG_5hmCG.bam,24.26,80.05,97668,https://s3-us-west-2.amazonaws.com/human-pangenomics/working/HPRC/HG02392/raw_data/nanopore/dorado0.6.0_sup4.3.0_5mCG_5hmCG/10_31_23_R1041_HPRC_HG02392_2_dorado0.6.0_sup4.3.0_5mCG_5hmCG.bam
HG02392,10_31_23_R1041_HPRC_HG02392_3_dorado0.6.0_sup4.3.0_5mCG_5hmCG.bam,22.84,75.36,96348,https://s3-us-west-2.amazonaws.com/human-pangenomics/working/HPRC/HG02392/raw_data/nanopore/dorado0.6.0_sup4.3.0_5mCG_5hmCG/10_31_23_R1041_HPRC_HG02392_3_dorado0.6.0_sup4.3.0_5mCG_5hmCG.bam
HG02392,10_31_23_R1041_HPRC_HG02392_1_dorado0.6.0_sup4.3.0_5mCG_5hmCG.bam,29.7,98.0,92705,https://s3-us-west-2.amazonaws.com/human-pangenomics/working/HPRC/HG02392/raw_data/nanopore/dorado0.6.0_sup4.3.0_5mCG_5hmCG/10_31_23_R1041_HPRC_HG02392_1_dorado0.6.0_sup4.3.0_5mCG_5hmCG.bam
HG02583,11_7_23_R1041_HPRC_HG02583_3_dorado0.6.0_sup4.3.0_5mCG_5hmCG.bam,0.55,1.8,73514,https://s3-us-west-2.amazonaws.com/human-pangenomics/working/HPRC/HG02583/raw_data/nanopore/dorado0.6.0_sup4.3.0_5mCG_5hmCG/11_7_23_R1041_HPRC_HG02583_3_dorado0.6.0_sup4.3.0_5mCG_5hmCG.bam
HG02583,01_16_24_R1041_HPRC_HG02583_1_dorado0.6.0_sup4.3.0_5mCG_5hmCG.bam,26.39,87.08,79499,https://s3-us-west-2.amazonaws.com/human-pangenomics/working/HPRC/HG02583/raw_data/nanopore/dorado0.6.0_sup4.3.0_5mCG_5hmCG/01_16_24_R1041_HPRC_HG02583_1_dorado0.6.0_sup4.3.0_5mCG_5hmCG.bam
HG02583,11_7_23_R1041_HPRC_HG02583_2_dorado0.6.0_sup4.3.0_5mCG_5hmCG.bam,0.3,0.99,65245,https://s3-us-west-2.amazonaws.com/human-pangenomics/working/HPRC/HG02583/raw_data/nanopore/dorado0.6.0_sup4.3.0_5mCG_5hmCG/11_7_23_R1041_HPRC_HG02583_2_dorado0.6.0_sup4.3.0_5mCG_5hmCG.bam
HG02583,01_16_24_R1041_HPRC_HG02583_2_dorado0.6.0_sup4.3.0_5mCG_5hmCG.bam,25.26,83.34,79953,https://s3-us-west-2.amazonaws.com/human-pangenomics/working/HPRC/HG02583/raw_data/nanopore/dorado0.6.0_sup4.3.0_5mCG_5hmCG/01_16_24_R1041_HPRC_HG02583_2_dorado0.6.0_sup4.3.0_5mCG_5hmCG.bam
HG02583,11_7_23_R1041_HPRC_HG02583_1_dorado0.6.0_sup4.3.0_5mCG_5hmCG.bam,0.33,1.1,65780,https://s3-us-west-2.amazonaws.com/human-pangenomics/working/HPRC/HG02583/raw_data/nanopore/dorado0.6.0_sup4.3.0_5mCG_5hmCG/11_7_23_R1041_HPRC_HG02583_1_dorado0.6.0_sup4.3.0_5mCG_5hmCG.bam
HG02583,01_16_24_R1041_HPRC_HG02583_3_dorado0.6.0_sup4.3.0_5mCG_5hmCG.bam,26.61,87.83,74051,https://s3-us-west-2.amazonaws.com/human-pangenomics/working/HPRC/HG02583/raw_data/nanopore/dorado0.6.0_sup4.3.0_5mCG_5hmCG/01_16_24_R1041_HPRC_HG02583_3_dorado0.6.0_sup4.3.0_5mCG_5hmCG.bam
HG02818,02_22_23_R1041_HG02818_1_dorado0.7.2_sup4.1.0_5mCG_5hmCG.bam,18.16,59.94,95989,https://s3-us-west-2.amazonaws.com/human-pangenomics/working/HPRC_PLUS/HG02818/raw_data/nanopore/dorado0.7.2_sup4.1.0_5mCG_5hmCG/02_22_23_R1041_HG02818_1_dorado0.7.2_sup4.1.0_5mCG_5hmCG.bam
HG02818,02_22_23_R1041_HG02818_2_dorado0.7.2_sup4.1.0_5mCG_5hmCG.bam,18.45,60.87,96301,https://s3-us-west-2.amazonaws.com/human-pangenomics/working/HPRC_PLUS/HG02818/raw_data/nanopore/dorado0.7.2_sup4.1.0_5mCG_5hmCG/02_22_23_R1041_HG02818_2_dorado0.7.2_sup4.1.0_5mCG_5hmCG.bam
HG02818,02_22_23_R1041_HG02818_3_dorado0.7.2_sup4.1.0_5mCG_5hmCG.bam,29.14,96.17,94423,https://s3-us-west-2.amazonaws.com/human-pangenomics/working/HPRC_PLUS/HG02818/raw_data/nanopore/dorado0.7.2_sup4.1.0_5mCG_5hmCG/02_22_23_R1041_HG02818_3_dorado0.7.2_sup4.1.0_5mCG_5hmCG.bam
HG03270,10_24_23_R1041_HPRC_HG03270_4_dorado0.6.0_sup4.3.0_5mCG_5hmCG.bam,7.02,23.18,56708,https://s3-us-west-2.amazonaws.com/human-pangenomics/working/HPRC/HG03270/raw_data/nanopore/dorado0.6.0_sup4.3.0_5mCG_5hmCG/10_24_23_R1041_HPRC_HG03270_4_dorado0.6.0_sup4.3.0_5mCG_5hmCG.bam
HG03270,10_24_23_R1041_HPRC_HG03270_1_dorado0.6.0_sup4.3.0_5mCG_5hmCG.bam,19.8,65.35,55820,https://s3-us-west-2.amazonaws.com/human-pangenomics/working/HPRC/HG03270/raw_data/nanopore/dorado0.6.0_sup4.3.0_5mCG_5hmCG/10_24_23_R1041_HPRC_HG03270_1_dorado0.6.0_sup4.3.0_5mCG_5hmCG.bam
HG03270,10_24_23_R1041_HPRC_HG03270_3_dorado0.6.0_sup4.3.0_5mCG_5hmCG.bam,24.63,81.29,56267,https://s3-us-west-2.amazonaws.com/human-pangenomics/working/HPRC/HG03270/raw_data/nanopore/dorado0.6.0_sup4.3.0_5mCG_5hmCG/10_24_23_R1041_HPRC_HG03270_3_dorado0.6.0_sup4.3.0_5mCG_5hmCG.bam
HG03270,10_24_23_R1041_HPRC_HG03270_2_dorado0.6.0_sup4.3.0_5mCG_5hmCG.bam,22.36,73.79,56092,https://s3-us-west-2.amazonaws.com/human-pangenomics/working/HPRC/HG03270/raw_data/nanopore/dorado0.6.0_sup4.3.0_5mCG_5hmCG/10_24_23_R1041_HPRC_HG03270_2_dorado0.6.0_sup4.3.0_5mCG_5hmCG.bam
HG03369,10_10_23_R1041_HPRC_HG03369_3_dorado0.6.0_sup4.3.0_5mCG_5hmCG.bam,18.39,60.69,91971,https://s3-us-west-2.amazonaws.com/human-pangenomics/working/HPRC/HG03369/raw_data/nanopore/dorado0.6.0_sup4.3.0_5mCG_5hmCG/10_10_23_R1041_HPRC_HG03369_3_dorado0.6.0_sup4.3.0_5mCG_5hmCG.bam
HG03369,10_10_23_R1041_HPRC_HG03369_2_dorado0.6.0_sup4.3.0_5mCG_5hmCG.bam,20.51,67.67,99723,https://s3-us-west-2.amazonaws.com/human-pangenomics/working/HPRC/HG03369/raw_data/nanopore/dorado0.6.0_sup4.3.0_5mCG_5hmCG/10_10_23_R1041_HPRC_HG03369_2_dorado0.6.0_sup4.3.0_5mCG_5hmCG.bam
HG03369,10_10_23_R1041_HPRC_HG03369_1_dorado0.6.0_sup4.3.0_5mCG_5hmCG.bam,18.27,60.3,97772,https://s3-us-west-2.amazonaws.com/human-pangenomics/working/HPRC/HG03369/raw_data/nanopore/dorado0.6.0_sup4.3.0_5mCG_5hmCG/10_10_23_R1041_HPRC_HG03369_1_dorado0.6.0_sup4.3.0_5mCG_5hmCG.bam
HG03486,02_15_23_R1041_HG03486_1_dorado0.7.2_sup4.1.0_5mCG_5hmCG.bam,15.55,51.33,104943,https://s3-us-west-2.amazonaws.com/human-pangenomics/working/HPRC_PLUS/HG03486/raw_data/nanopore/dorado0.7.2_sup4.1.0_5mCG_5hmCG/02_15_23_R1041_HG03486_1_dorado0.7.2_sup4.1.0_5mCG_5hmCG.bam
HG03486,02_15_23_R1041_HG03486_2_dorado0.7.2_sup4.1.0_5mCG_5hmCG.bam,16.5,54.47,89412,https://s3-us-west-2.amazonaws.com/human-pangenomics/working/HPRC_PLUS/HG03486/raw_data/nanopore/dorado0.7.2_sup4.1.0_5mCG_5hmCG/02_15_23_R1041_HG03486_2_dorado0.7.2_sup4.1.0_5mCG_5hmCG.bam
HG03486,02_15_23_R1041_HG03486_3_dorado0.7.2_sup4.1.0_5mCG_5hmCG.bam,18.53,61.13,102174,https://s3-us-west-2.amazonaws.com/human-pangenomics/working/HPRC_PLUS/HG03486/raw_data/nanopore/dorado0.7.2_sup4.1.0_5mCG_5hmCG/02_15_23_R1041_HG03486_3_dorado0.7.2_sup4.1.0_5mCG_5hmCG.bam
HG03521,10_24_23_R1041_HPRC_HG03521_3_dorado0.6.0_sup4.3.0_5mCG_5hmCG.bam,30.56,100.85,74403,https://s3-us-west-2.amazonaws.com/human-pangenomics/working/HPRC/HG03521/raw_data/nanopore/dorado0.6.0_sup4.3.0_5mCG_5hmCG/10_24_23_R1041_HPRC_HG03521_3_dorado0.6.0_sup4.3.0_5mCG_5hmCG.bam
HG03521,10_24_23_R1041_HPRC_HG03521_2_dorado0.6.0_sup4.3.0_5mCG_5hmCG.bam,30.42,100.39,77440,https://s3-us-west-2.amazonaws.com/human-pangenomics/working/HPRC/HG03521/raw_data/nanopore/dorado0.6.0_sup4.3.0_5mCG_5hmCG/10_24_23_R1041_HPRC_HG03521_2_dorado0.6.0_sup4.3.0_5mCG_5hmCG.bam
HG03521,10_24_23_R1041_HPRC_HG03521_1_dorado0.6.0_sup4.3.0_5mCG_5hmCG.bam,25.97,85.69,74774,https://s3-us-west-2.amazonaws.com/human-pangenomics/working/HPRC/HG03521/raw_data/nanopore/dorado0.6.0_sup4.3.0_5mCG_5hmCG/10_24_23_R1041_HPRC_HG03521_1_dorado0.6.0_sup4.3.0_5mCG_5hmCG.bam
HG03583,10_31_23_R1041_HPRC_HG03583_1_dorado0.6.0_sup4.3.0_5mCG_5hmCG.bam,15.67,51.7,91158,https://s3-us-west-2.amazonaws.com/human-pangenomics/working/HPRC/HG03583/raw_data/nanopore/dorado0.6.0_sup4.3.0_5mCG_5hmCG/10_31_23_R1041_HPRC_HG03583_1_dorado0.6.0_sup4.3.0_5mCG_5hmCG.bam
HG03583,10_31_23_R1041_HPRC_HG03583_3_dorado0.6.0_sup4.3.0_5mCG_5hmCG.bam,14.73,48.62,75241,https://s3-us-west-2.amazonaws.com/human-pangenomics/working/HPRC/HG03583/raw_data/nanopore/dorado0.6.0_sup4.3.0_5mCG_5hmCG/10_31_23_R1041_HPRC_HG03583_3_dorado0.6.0_sup4.3.0_5mCG_5hmCG.bam
HG03583,10_31_23_R1041_HPRC_HG03583_2_dorado0.6.0_sup4.3.0_5mCG_5hmCG.bam,12.73,42.01,92346,https://s3-us-west-2.amazonaws.com/human-pangenomics/working/HPRC/HG03583/raw_data/nanopore/dorado0.6.0_sup4.3.0_5mCG_5hmCG/10_31_23_R1041_HPRC_HG03583_2_dorado0.6.0_sup4.3.0_5mCG_5hmCG.bam
HG03784,10_17_23_R1041_HPRC_HG03784_1_dorado0.6.0_sup4.3.0_5mCG_5hmCG.bam,20.5,67.66,85256,https://s3-us-west-2.amazonaws.com/human-pangenomics/working/HPRC/HG03784/raw_data/nanopore/dorado0.6.0_sup4.3.0_5mCG_5hmCG/10_17_23_R1041_HPRC_HG03784_1_dorado0.6.0_sup4.3.0_5mCG_5hmCG.bam
HG03784,10_17_23_R1041_HPRC_HG03784_3_dorado0.6.0_sup4.3.0_5mCG_5hmCG.bam,16.79,55.42,84323,https://s3-us-west-2.amazonaws.com/human-pangenomics/working/HPRC/HG03784/raw_data/nanopore/dorado0.6.0_sup4.3.0_5mCG_5hmCG/10_17_23_R1041_HPRC_HG03784_3_dorado0.6.0_sup4.3.0_5mCG_5hmCG.bam
HG03784,10_17_23_R1041_HPRC_HG03784_2_dorado0.6.0_sup4.3.0_5mCG_5hmCG.bam,20.13,66.42,85180,https://s3-us-west-2.amazonaws.com/human-pangenomics/working/HPRC/HG03784/raw_data/nanopore/dorado0.6.0_sup4.3.0_5mCG_5hmCG/10_17_23_R1041_HPRC_HG03784_2_dorado0.6.0_sup4.3.0_5mCG_5hmCG.bam
HG03874,01_23_24_R1041_HPRC_HG03874_2_dorado0.6.0_sup4.3.0_5mCG_5hmCG.bam,19.22,63.44,96101,https://s3-us-west-2.amazonaws.com/human-pangenomics/working/HPRC/HG03874/raw_data/nanopore/dorado0.6.0_sup4.3.0_5mCG_5hmCG/01_23_24_R1041_HPRC_HG03874_2_dorado0.6.0_sup4.3.0_5mCG_5hmCG.bam
HG03874,11_14_23_R1041_HPRC_HG03874_1_dorado0.6.0_sup4.3.0_5mCG_5hmCG.bam,3.6,11.87,70428,https://s3-us-west-2.amazonaws.com/human-pangenomics/working/HPRC/HG03874/raw_data/nanopore/dorado0.6.0_sup4.3.0_5mCG_5hmCG/11_14_23_R1041_HPRC_HG03874_1_dorado0.6.0_sup4.3.0_5mCG_5hmCG.bam
HG03874,11_14_23_R1041_HPRC_HG03874_3_dorado0.6.0_sup4.3.0_5mCG_5hmCG.bam,17.12,56.5,63796,https://s3-us-west-2.amazonaws.com/human-pangenomics/working/HPRC/HG03874/raw_data/nanopore/dorado0.6.0_sup4.3.0_5mCG_5hmCG/11_14_23_R1041_HPRC_HG03874_3_dorado0.6.0_sup4.3.0_5mCG_5hmCG.bam
HG03874,11_14_23_R1041_HPRC_HG03874_2_dorado0.6.0_sup4.3.0_5mCG_5hmCG.bam,20.1,66.33,70570,https://s3-us-west-2.amazonaws.com/human-pangenomics/working/HPRC/HG03874/raw_data/nanopore/dorado0.6.0_sup4.3.0_5mCG_5hmCG/11_14_23_R1041_HPRC_HG03874_2_dorado0.6.0_sup4.3.0_5mCG_5hmCG.bam
HG03874,01_23_24_R1041_HPRC_HG03874_1_dorado0.6.0_sup4.3.0_5mCG_5hmCG.bam,24.35,80.36,94515,https://s3-us-west-2.amazonaws.com/human-pangenomics/working/HPRC/HG03874/raw_data/nanopore/dorado0.6.0_sup4.3.0_5mCG_5hmCG/01_23_24_R1041_HPRC_HG03874_1_dorado0.6.0_sup4.3.0_5mCG_5hmCG.bam
HG06807,01_09_24_R1041_Q27chem_UL_HG06807_1_dorado0.7.1_sup5.0.0_5mCG_5hmCG.bam,20.9,68.98,88499,https://s3-us-west-2.amazonaws.com/human-pangenomics/working/HPRC_PLUS/HG06807/raw_data/nanopore/dorado0.7.1_sup5.0.0_5mCG_5hmCG/01_09_24_R1041_Q27chem_UL_HG06807_1_dorado0.7.1_sup5.0.0_5mCG_5hmCG.bam
HG06807,01_09_24_R1041_Q27chem_UL_HG06807_2_dorado0.7.1_sup5.0.0_5mCG_5hmCG.bam,22.74,75.05,90320,https://s3-us-west-2.amazonaws.com/human-pangenomics/working/HPRC_PLUS/HG06807/raw_data/nanopore/dorado0.7.1_sup5.0.0_5mCG_5hmCG/01_09_24_R1041_Q27chem_UL_HG06807_2_dorado0.7.1_sup5.0.0_5mCG_5hmCG.bam
HG06807,01_09_24_R1041_Q27chem_UL_HG06807_3_dorado0.7.1_sup5.0.0_5mCG_5hmCG.bam,28.22,93.14,85986,https://s3-us-west-2.amazonaws.com/human-pangenomics/working/HPRC_PLUS/HG06807/raw_data/nanopore/dorado0.7.1_sup5.0.0_5mCG_5hmCG/01_09_24_R1041_Q27chem_UL_HG06807_3_dorado0.7.1_sup5.0.0_5mCG_5hmCG.bam
NA18505,10_24_23_R1041_HPRC_NA18505_4_dorado0.6.0_sup4.3.0_5mCG_5hmCG.bam,5.54,18.28,60516,https://s3-us-west-2.amazonaws.com/human-pangenomics/working/HPRC/NA18505/raw_data/nanopore/dorado0.6.0_sup4.3.0_5mCG_5hmCG/10_24_23_R1041_HPRC_NA18505_4_dorado0.6.0_sup4.3.0_5mCG_5hmCG.bam
NA18505,10_24_23_R1041_HPRC_NA18505_1_dorado0.6.0_sup4.3.0_5mCG_5hmCG.bam,24.02,79.28,50258,https://s3-us-west-2.amazonaws.com/human-pangenomics/working/HPRC/NA18505/raw_data/nanopore/dorado0.6.0_sup4.3.0_5mCG_5hmCG/10_24_23_R1041_HPRC_NA18505_1_dorado0.6.0_sup4.3.0_5mCG_5hmCG.bam
NA18505,10_24_23_R1041_HPRC_NA18505_3_dorado0.6.0_sup4.3.0_5mCG_5hmCG.bam,33.45,110.39,52438,https://s3-us-west-2.amazonaws.com/human-pangenomics/working/HPRC/NA18505/raw_data/nanopore/dorado0.6.0_sup4.3.0_5mCG_5hmCG/10_24_23_R1041_HPRC_NA18505_3_dorado0.6.0_sup4.3.0_5mCG_5hmCG.bam
NA18505,10_24_23_R1041_HPRC_NA18505_2_dorado0.6.0_sup4.3.0_5mCG_5hmCG.bam,17.42,57.48,53532,https://s3-us-west-2.amazonaws.com/human-pangenomics/working/HPRC/NA18505/raw_data/nanopore/dorado0.6.0_sup4.3.0_5mCG_5hmCG/10_24_23_R1041_HPRC_NA18505_2_dorado0.6.0_sup4.3.0_5mCG_5hmCG.bam
NA18508,09_12_23_R1041_HPRC_NA18508_1_dorado0.6.0_sup4.3.0_5mCG_5hmCG.bam,23.89,78.85,101951,https://s3-us-west-2.amazonaws.com/human-pangenomics/working/HPRC/NA18508/raw_data/nanopore/dorado0.6.0_sup4.3.0_5mCG_5hmCG/09_12_23_R1041_HPRC_NA18508_1_dorado0.6.0_sup4.3.0_5mCG_5hmCG.bam
NA18508,09_12_23_R1041_HPRC_NA18508_3_dorado0.6.0_sup4.3.0_5mCG_5hmCG.bam,28.38,93.66,106946,https://s3-us-west-2.amazonaws.com/human-pangenomics/working/HPRC/NA18508/raw_data/nanopore/dorado0.6.0_sup4.3.0_5mCG_5hmCG/09_12_23_R1041_HPRC_NA18508_3_dorado0.6.0_sup4.3.0_5mCG_5hmCG.bam
NA18508,09_12_23_R1041_HPRC_NA18508_2_dorado0.6.0_sup4.3.0_5mCG_5hmCG.bam,27.43,90.52,107595,https://s3-us-west-2.amazonaws.com/human-pangenomics/working/HPRC/NA18508/raw_data/nanopore/dorado0.6.0_sup4.3.0_5mCG_5hmCG/09_12_23_R1041_HPRC_NA18508_2_dorado0.6.0_sup4.3.0_5mCG_5hmCG.bam
NA18565,10_10_23_R1041_HPRC_NA18565_3_dorado0.6.0_sup4.3.0_5mCG_5hmCG.bam,0.6,1.98,74783,https://s3-us-west-2.amazonaws.com/human-pangenomics/working/HPRC/NA18565/raw_data/nanopore/dorado0.6.0_sup4.3.0_5mCG_5hmCG/10_10_23_R1041_HPRC_NA18565_3_dorado0.6.0_sup4.3.0_5mCG_5hmCG.bam
NA18565,10_10_23_R1041_HPRC_NA18565_6_dorado0.6.0_sup4.3.0_5mCG_5hmCG.bam,17.99,59.36,84325,https://s3-us-west-2.amazonaws.com/human-pangenomics/working/HPRC/NA18565/raw_data/nanopore/dorado0.6.0_sup4.3.0_5mCG_5hmCG/10_10_23_R1041_HPRC_NA18565_6_dorado0.6.0_sup4.3.0_5mCG_5hmCG.bam
NA18565,10_10_23_R1041_HPRC_NA18565_2_dorado0.6.0_sup4.3.0_5mCG_5hmCG.bam,0.35,1.16,62001,https://s3-us-west-2.amazonaws.com/human-pangenomics/working/HPRC/NA18565/raw_data/nanopore/dorado0.6.0_sup4.3.0_5mCG_5hmCG/10_10_23_R1041_HPRC_NA18565_2_dorado0.6.0_sup4.3.0_5mCG_5hmCG.bam
NA18565,10_10_23_R1041_HPRC_NA18565_4_dorado0.6.0_sup4.3.0_5mCG_5hmCG.bam,18.51,61.08,83442,https://s3-us-west-2.amazonaws.com/human-pangenomics/working/HPRC/NA18565/raw_data/nanopore/dorado0.6.0_sup4.3.0_5mCG_5hmCG/10_10_23_R1041_HPRC_NA18565_4_dorado0.6.0_sup4.3.0_5mCG_5hmCG.bam
NA18565,10_10_23_R1041_HPRC_NA18565_1_dorado0.6.0_sup4.3.0_5mCG_5hmCG.bam,0.35,1.14,70838,https://s3-us-west-2.amazonaws.com/human-pangenomics/working/HPRC/NA18565/raw_data/nanopore/dorado0.6.0_sup4.3.0_5mCG_5hmCG/10_10_23_R1041_HPRC_NA18565_1_dorado0.6.0_sup4.3.0_5mCG_5hmCG.bam
NA18565,10_10_23_R1041_HPRC_NA18565_5_dorado0.6.0_sup4.3.0_5mCG_5hmCG.bam,21.76,71.8,82323,https://s3-us-west-2.amazonaws.com/human-pangenomics/working/HPRC/NA18565/raw_data/nanopore/dorado0.6.0_sup4.3.0_5mCG_5hmCG/10_10_23_R1041_HPRC_NA18565_5_dorado0.6.0_sup4.3.0_5mCG_5hmCG.bam
NA18608,10_31_23_R1041_HPRC_NA18608_1_dorado0.6.0_sup4.3.0_5mCG_5hmCG.bam,29.07,95.95,93889,https://s3-us-west-2.amazonaws.com/human-pangenomics/working/HPRC/NA18608/raw_data/nanopore/dorado0.6.0_sup4.3.0_5mCG_5hmCG/10_31_23_R1041_HPRC_NA18608_1_dorado0.6.0_sup4.3.0_5mCG_5hmCG.bam
NA18608,10_31_23_R1041_HPRC_NA18608_2_dorado0.6.0_sup4.3.0_5mCG_5hmCG.bam,26.14,86.27,83049,https://s3-us-west-2.amazonaws.com/human-pangenomics/working/HPRC/NA18608/raw_data/nanopore/dorado0.6.0_sup4.3.0_5mCG_5hmCG/10_31_23_R1041_HPRC_NA18608_2_dorado0.6.0_sup4.3.0_5mCG_5hmCG.bam
NA18608,10_31_23_R1041_HPRC_NA18608_3_dorado0.6.0_sup4.3.0_5mCG_5hmCG.bam,21.59,71.24,91077,https://s3-us-west-2.amazonaws.com/human-pangenomics/working/HPRC/NA18608/raw_data/nanopore/dorado0.6.0_sup4.3.0_5mCG_5hmCG/10_31_23_R1041_HPRC_NA18608_3_dorado0.6.0_sup4.3.0_5mCG_5hmCG.bam
NA18620,01_16_24_R1041_HPRC_NA18620_2_dorado0.6.0_sup4.3.0_5mCG_5hmCG.bam,23.06,76.1,92516,https://s3-us-west-2.amazonaws.com/human-pangenomics/working/HPRC/NA18620/raw_data/nanopore/dorado0.6.0_sup4.3.0_5mCG_5hmCG/01_16_24_R1041_HPRC_NA18620_2_dorado0.6.0_sup4.3.0_5mCG_5hmCG.bam
NA18620,11_14_23_R1041_HPRC_NA18620_1_dorado0.6.0_sup4.3.0_5mCG_5hmCG.bam,2.2,7.25,87877,https://s3-us-west-2.amazonaws.com/human-pangenomics/working/HPRC/NA18620/raw_data/nanopore/dorado0.6.0_sup4.3.0_5mCG_5hmCG/11_14_23_R1041_HPRC_NA18620_1_dorado0.6.0_sup4.3.0_5mCG_5hmCG.bam
NA18620,01_16_24_R1041_HPRC_NA18620_3_dorado0.6.0_sup4.3.0_5mCG_5hmCG.bam,27.46,90.63,94233,https://s3-us-west-2.amazonaws.com/human-pangenomics/working/HPRC/NA18620/raw_data/nanopore/dorado0.6.0_sup4.3.0_5mCG_5hmCG/01_16_24_R1041_HPRC_NA18620_3_dorado0.6.0_sup4.3.0_5mCG_5hmCG.bam
NA18620,01_16_24_R1041_HPRC_NA18620_1_dorado0.6.0_sup4.3.0_5mCG_5hmCG.bam,24.25,80.02,91704,https://s3-us-west-2.amazonaws.com/human-pangenomics/working/HPRC/NA18620/raw_data/nanopore/dorado0.6.0_sup4.3.0_5mCG_5hmCG/01_16_24_R1041_HPRC_NA18620_1_dorado0.6.0_sup4.3.0_5mCG_5hmCG.bam
NA18620,11_14_23_R1041_HPRC_NA18620_2_dorado0.6.0_sup4.3.0_5mCG_5hmCG.bam,0.85,2.8,78838,https://s3-us-west-2.amazonaws.com/human-pangenomics/working/HPRC/NA18620/raw_data/nanopore/dorado0.6.0_sup4.3.0_5mCG_5hmCG/11_14_23_R1041_HPRC_NA18620_2_dorado0.6.0_sup4.3.0_5mCG_5hmCG.bam
NA18620,11_14_23_R1041_HPRC_NA18620_3_dorado0.6.0_sup4.3.0_5mCG_5hmCG.bam,0.87,2.86,78236,https://s3-us-west-2.amazonaws.com/human-pangenomics/working/HPRC/NA18620/raw_data/nanopore/dorado0.6.0_sup4.3.0_5mCG_5hmCG/11_14_23_R1041_HPRC_NA18620_3_dorado0.6.0_sup4.3.0_5mCG_5hmCG.bam
NA18879,08_08_23_R1041_HPRC_NA18879_2_dorado0.6.0_sup4.3.0_5mCG_5hmCG.bam,18.49,61.02,75987,https://s3-us-west-2.amazonaws.com/human-pangenomics/working/HPRC/NA18879/raw_data/nanopore/dorado0.6.0_sup4.3.0_5mCG_5hmCG/08_08_23_R1041_HPRC_NA18879_2_dorado0.6.0_sup4.3.0_5mCG_5hmCG.bam
NA18879,08_08_23_R1041_HPRC_NA18879_3_dorado0.6.0_sup4.3.0_5mCG_5hmCG.bam,17.84,58.87,77243,https://s3-us-west-2.amazonaws.com/human-pangenomics/working/HPRC/NA18879/raw_data/nanopore/dorado0.6.0_sup4.3.0_5mCG_5hmCG/08_08_23_R1041_HPRC_NA18879_3_dorado0.6.0_sup4.3.0_5mCG_5hmCG.bam
NA18879,08_08_23_R1041_HPRC_NA18879_1_dorado0.6.0_sup4.3.0_5mCG_5hmCG.bam,18.34,60.51,79013,https://s3-us-west-2.amazonaws.com/human-pangenomics/working/HPRC/NA18879/raw_data/nanopore/dorado0.6.0_sup4.3.0_5mCG_5hmCG/08_08_23_R1041_HPRC_NA18879_1_dorado0.6.0_sup4.3.0_5mCG_5hmCG.bam
NA18906,02_15_23_R1041_NA18906_1_dorado0.7.2_sup4.1.0_5mCG_5hmCG.bam,18.89,62.34,92925,https://s3-us-west-2.amazonaws.com/human-pangenomics/working/HPRC_PLUS/NA18906/raw_data/nanopore/dorado0.7.2_sup4.1.0_5mCG_5hmCG/02_15_23_R1041_NA18906_1_dorado0.7.2_sup4.1.0_5mCG_5hmCG.bam
NA18906,02_15_23_R1041_NA18906_2_dorado0.7.2_sup4.1.0_5mCG_5hmCG.bam,21.15,69.81,97314,https://s3-us-west-2.amazonaws.com/human-pangenomics/working/HPRC_PLUS/NA18906/raw_data/nanopore/dorado0.7.2_sup4.1.0_5mCG_5hmCG/02_15_23_R1041_NA18906_2_dorado0.7.2_sup4.1.0_5mCG_5hmCG.bam
NA18906,02_15_23_R1041_NA18906_3_dorado0.7.2_sup4.1.0_5mCG_5hmCG.bam,21.7,71.6,97497,https://s3-us-west-2.amazonaws.com/human-pangenomics/working/HPRC_PLUS/NA18906/raw_data/nanopore/dorado0.7.2_sup4.1.0_5mCG_5hmCG/02_15_23_R1041_NA18906_3_dorado0.7.2_sup4.1.0_5mCG_5hmCG.bam
NA18940,11_28_23_R1041_AMED-Collaboration-HPRC_NA18940_1_dorado0.5.3_sup4.3.0_5mCG_5hmCG.bam,21.98,72.52,62907,https://s3-us-west-2.amazonaws.com/human-pangenomics/working/HPP/AMED/NA18940/raw_data/nanopore/dorado0.5.3_sup4.3.0_5mCG_5hmCG/11_28_23_R1041_AMED-Collaboration-HPRC_NA18940_1_dorado0.5.3_sup4.3.0_5mCG_5hmCG.bam
NA18940,11_28_23_R1041_AMED-Collaboration-HPRC_NA18940_2_dorado0.5.3_sup4.3.0_5mCG_5hmCG.bam,22.66,74.79,57439,https://s3-us-west-2.amazonaws.com/human-pangenomics/working/HPP/AMED/NA18940/raw_data/nanopore/dorado0.5.3_sup4.3.0_5mCG_5hmCG/11_28_23_R1041_AMED-Collaboration-HPRC_NA18940_2_dorado0.5.3_sup4.3.0_5mCG_5hmCG.bam
NA18940,11_28_23_R1041_AMED-Collaboration-HPRC_NA18940_3_dorado0.5.3_sup4.3.0_5mCG_5hmCG.bam,25.82,85.19,63723,https://s3-us-west-2.amazonaws.com/human-pangenomics/working/HPP/AMED/NA18940/raw_data/nanopore/dorado0.5.3_sup4.3.0_5mCG_5hmCG/11_28_23_R1041_AMED-Collaboration-HPRC_NA18940_3_dorado0.5.3_sup4.3.0_5mCG_5hmCG.bam
NA18940,12_12_23_R1041_AMED-Collaboration-HPRC_NA18940_1_dorado0.5.3_sup4.3.0_5mCG_5hmCG.bam,23.64,78.0,79281,https://s3-us-west-2.amazonaws.com/human-pangenomics/working/HPP/AMED/NA18940/raw_data/nanopore/dorado0.5.3_sup4.3.0_5mCG_5hmCG/12_12_23_R1041_AMED-Collaboration-HPRC_NA18940_1_dorado0.5.3_sup4.3.0_5mCG_5hmCG.bam
NA18943,11_28_23_R1041_AMED-Collaboration-HPRC_NA18943_1_dorado0.5.3_sup4.3.0_5mCG_5hmCG.bam,2.36,7.79,54507,https://s3-us-west-2.amazonaws.com/human-pangenomics/working/HPP/AMED/NA18943/raw_data/nanopore/dorado0.5.3_sup4.3.0_5mCG_5hmCG/11_28_23_R1041_AMED-Collaboration-HPRC_NA18943_1_dorado0.5.3_sup4.3.0_5mCG_5hmCG.bam
NA18943,11_28_23_R1041_AMED-Collaboration-HPRC_NA18943_2_dorado0.5.3_sup4.3.0_5mCG_5hmCG.bam,6.56,21.63,42791,https://s3-us-west-2.amazonaws.com/human-pangenomics/working/HPP/AMED/NA18943/raw_data/nanopore/dorado0.5.3_sup4.3.0_5mCG_5hmCG/11_28_23_R1041_AMED-Collaboration-HPRC_NA18943_2_dorado0.5.3_sup4.3.0_5mCG_5hmCG.bam
NA18943,11_28_23_R1041_AMED-Collaboration-HPRC_NA18943_3_dorado0.5.3_sup4.3.0_5mCG_5hmCG.bam,8.69,28.67,49253,https://s3-us-west-2.amazonaws.com/human-pangenomics/working/HPP/AMED/NA18943/raw_data/nanopore/dorado0.5.3_sup4.3.0_5mCG_5hmCG/11_28_23_R1041_AMED-Collaboration-HPRC_NA18943_3_dorado0.5.3_sup4.3.0_5mCG_5hmCG.bam
NA18943,12_12_23_R1041_AMED-Collaboration-HPRC_NA18943_1_dorado0.5.3_sup4.3.0_5mCG_5hmCG.bam,2.16,7.12,83587,https://s3-us-west-2.amazonaws.com/human-pangenomics/working/HPP/AMED/NA18943/raw_data/nanopore/dorado0.5.3_sup4.3.0_5mCG_5hmCG/12_12_23_R1041_AMED-Collaboration-HPRC_NA18943_1_dorado0.5.3_sup4.3.0_5mCG_5hmCG.bam
NA18943,12_12_23_R1041_AMED-Collaboration-HPRC_NA18943_2_dorado0.5.3_sup4.3.0_5mCG_5hmCG.bam,26.44,87.26,78070,https://s3-us-west-2.amazonaws.com/human-pangenomics/working/HPP/AMED/NA18943/raw_data/nanopore/dorado0.5.3_sup4.3.0_5mCG_5hmCG/12_12_23_R1041_AMED-Collaboration-HPRC_NA18943_2_dorado0.5.3_sup4.3.0_5mCG_5hmCG.bam
NA18943,12_12_23_R1041_AMED-Collaboration-HPRC_NA18943_3_dorado0.5.3_sup4.3.0_5mCG_5hmCG.bam,18.32,60.44,89738,https://s3-us-west-2.amazonaws.com/human-pangenomics/working/HPP/AMED/NA18943/raw_data/nanopore/dorado0.5.3_sup4.3.0_5mCG_5hmCG/12_12_23_R1041_AMED-Collaboration-HPRC_NA18943_3_dorado0.5.3_sup4.3.0_5mCG_5hmCG.bam
NA18943,12_12_23_R1041_AMED-Collaboration-HPRC_NA18943_4_dorado0.5.3_sup4.3.0_5mCG_5hmCG.bam,16.85,55.62,84956,https://s3-us-west-2.amazonaws.com/human-pangenomics/working/HPP/AMED/NA18943/raw_data/nanopore/dorado0.5.3_sup4.3.0_5mCG_5hmCG/12_12_23_R1041_AMED-Collaboration-HPRC_NA18943_4_dorado0.5.3_sup4.3.0_5mCG_5hmCG.bam
NA18944,11_28_23_R1041_AMED-Collaboration-HPRC_NA18944_1_dorado0.5.3_sup4.3.0_5mCG_5hmCG.bam,29.66,97.89,50841,https://s3-us-west-2.amazonaws.com/human-pangenomics/working/HPP/AMED/NA18944/raw_data/nanopore/dorado0.5.3_sup4.3.0_5mCG_5hmCG/11_28_23_R1041_AMED-Collaboration-HPRC_NA18944_1_dorado0.5.3_sup4.3.0_5mCG_5hmCG.bam
NA18944,11_28_23_R1041_AMED-Collaboration-HPRC_NA18944_2_dorado0.5.3_sup4.3.0_5mCG_5hmCG.bam,21.5,70.95,58004,https://s3-us-west-2.amazonaws.com/human-pangenomics/working/HPP/AMED/NA18944/raw_data/nanopore/dorado0.5.3_sup4.3.0_5mCG_5hmCG/11_28_23_R1041_AMED-Collaboration-HPRC_NA18944_2_dorado0.5.3_sup4.3.0_5mCG_5hmCG.bam
NA18944,11_28_23_R1041_AMED-Collaboration-HPRC_NA18944_3_dorado0.5.3_sup4.3.0_5mCG_5hmCG.bam,23.67,78.11,56506,https://s3-us-west-2.amazonaws.com/human-pangenomics/working/HPP/AMED/NA18944/raw_data/nanopore/dorado0.5.3_sup4.3.0_5mCG_5hmCG/11_28_23_R1041_AMED-Collaboration-HPRC_NA18944_3_dorado0.5.3_sup4.3.0_5mCG_5hmCG.bam
NA18944,12_12_23_R1041_AMED-Collaboration-HPRC_NA18944_1_dorado0.5.3_sup4.3.0_5mCG_5hmCG.bam,24.66,81.37,78510,https://s3-us-west-2.amazonaws.com/human-pangenomics/working/HPP/AMED/NA18944/raw_data/nanopore/dorado0.5.3_sup4.3.0_5mCG_5hmCG/12_12_23_R1041_AMED-Collaboration-HPRC_NA18944_1_dorado0.5.3_sup4.3.0_5mCG_5hmCG.bam
NA18945,12_05_23_R1041_AMED-Collaboration-HPRC_NA18945_1_dorado0.5.3_sup4.3.0_5mCG_5hmCG.bam,6.08,20.08,71554,https://s3-us-west-2.amazonaws.com/human-pangenomics/working/HPP/AMED/NA18945/raw_data/nanopore/dorado0.5.3_sup4.3.0_5mCG_5hmCG/12_05_23_R1041_AMED-Collaboration-HPRC_NA18945_1_dorado0.5.3_sup4.3.0_5mCG_5hmCG.bam
NA18945,12_05_23_R1041_AMED-Collaboration-HPRC_NA18945_2_dorado0.5.3_sup4.3.0_5mCG_5hmCG.bam,10.49,34.62,73357,https://s3-us-west-2.amazonaws.com/human-pangenomics/working/HPP/AMED/NA18945/raw_data/nanopore/dorado0.5.3_sup4.3.0_5mCG_5hmCG/12_05_23_R1041_AMED-Collaboration-HPRC_NA18945_2_dorado0.5.3_sup4.3.0_5mCG_5hmCG.bam
NA18945,12_05_23_R1041_AMED-Collaboration-HPRC_NA18945_3_dorado0.5.3_sup4.3.0_5mCG_5hmCG.bam,2.85,9.42,72711,https://s3-us-west-2.amazonaws.com/human-pangenomics/working/HPP/AMED/NA18945/raw_data/nanopore/dorado0.5.3_sup4.3.0_5mCG_5hmCG/12_05_23_R1041_AMED-Collaboration-HPRC_NA18945_3_dorado0.5.3_sup4.3.0_5mCG_5hmCG.bam
NA18945,12_05_23_R1041_AMED-Collaboration-HPRC_NA18945_4_dorado0.5.3_sup4.3.0_5mCG_5hmCG.bam,0.17,0.57,84631,https://s3-us-west-2.amazonaws.com/human-pangenomics/working/HPP/AMED/NA18945/raw_data/nanopore/dorado0.5.3_sup4.3.0_5mCG_5hmCG/12_05_23_R1041_AMED-Collaboration-HPRC_NA18945_4_dorado0.5.3_sup4.3.0_5mCG_5hmCG.bam
NA18945,12_12_23_R1041_AMED-Collaboration-HPRC_NA18945_1_dorado0.5.3_sup4.3.0_5mCG_5hmCG.bam,10.99,36.27,83367,https://s3-us-west-2.amazonaws.com/human-pangenomics/working/HPP/AMED/NA18945/raw_data/nanopore/dorado0.5.3_sup4.3.0_5mCG_5hmCG/12_12_23_R1041_AMED-Collaboration-HPRC_NA18945_1_dorado0.5.3_sup4.3.0_5mCG_5hmCG.bam
NA18945,12_12_23_R1041_AMED-Collaboration-HPRC_NA18945_2_dorado0.5.3_sup4.3.0_5mCG_5hmCG.bam,16.19,53.43,80485,https://s3-us-west-2.amazonaws.com/human-pangenomics/working/HPP/AMED/NA18945/raw_data/nanopore/dorado0.5.3_sup4.3.0_5mCG_5hmCG/12_12_23_R1041_AMED-Collaboration-HPRC_NA18945_2_dorado0.5.3_sup4.3.0_5mCG_5hmCG.bam
NA18945,12_12_23_R1041_AMED-Collaboration-HPRC_NA18945_3_dorado0.5.3_sup4.3.0_5mCG_5hmCG.bam,18.24,60.19,92339,https://s3-us-west-2.amazonaws.com/human-pangenomics/working/HPP/AMED/NA18945/raw_data/nanopore/dorado0.5.3_sup4.3.0_5mCG_5hmCG/12_12_23_R1041_AMED-Collaboration-HPRC_NA18945_3_dorado0.5.3_sup4.3.0_5mCG_5hmCG.bam
NA18948,01_09_24_R1041_AMED-Collaboration-HPRC_NA18948_1_dorado0.5.3_sup4.3.0_5mCG_5hmCG.bam,17.57,57.99,95515,https://s3-us-west-2.amazonaws.com/human-pangenomics/working/HPP/AMED/NA18948/raw_data/nanopore/dorado0.5.3_sup4.3.0_5mCG_5hmCG/01_09_24_R1041_AMED-Collaboration-HPRC_NA18948_1_dorado0.5.3_sup4.3.0_5mCG_5hmCG.bam
NA18948,01_09_24_R1041_AMED-Collaboration-HPRC_NA18948_2_dorado0.5.3_sup4.3.0_5mCG_5hmCG.bam,28.6,94.37,89722,https://s3-us-west-2.amazonaws.com/human-pangenomics/working/HPP/AMED/NA18948/raw_data/nanopore/dorado0.5.3_sup4.3.0_5mCG_5hmCG/01_09_24_R1041_AMED-Collaboration-HPRC_NA18948_2_dorado0.5.3_sup4.3.0_5mCG_5hmCG.bam
NA18948,12_05_23_R1041_AMED-Collaboration-HPRC_NA18948_1_dorado0.5.3_sup4.3.0_5mCG_5hmCG.bam,13.23,43.66,69069,https://s3-us-west-2.amazonaws.com/human-pangenomics/working/HPP/AMED/NA18948/raw_data/nanopore/dorado0.5.3_sup4.3.0_5mCG_5hmCG/12_05_23_R1041_AMED-Collaboration-HPRC_NA18948_1_dorado0.5.3_sup4.3.0_5mCG_5hmCG.bam
NA18948,12_05_23_R1041_AMED-Collaboration-HPRC_NA18948_2_dorado0.5.3_sup4.3.0_5mCG_5hmCG.bam,16.87,55.66,74894,https://s3-us-west-2.amazonaws.com/human-pangenomics/working/HPP/AMED/NA18948/raw_data/nanopore/dorado0.5.3_sup4.3.0_5mCG_5hmCG/12_05_23_R1041_AMED-Collaboration-HPRC_NA18948_2_dorado0.5.3_sup4.3.0_5mCG_5hmCG.bam
NA18948,12_05_23_R1041_AMED-Collaboration-HPRC_NA18948_3_dorado0.5.3_sup4.3.0_5mCG_5hmCG.bam,17.85,58.9,71778,https://s3-us-west-2.amazonaws.com/human-pangenomics/working/HPP/AMED/NA18948/raw_data/nanopore/dorado0.5.3_sup4.3.0_5mCG_5hmCG/12_05_23_R1041_AMED-Collaboration-HPRC_NA18948_3_dorado0.5.3_sup4.3.0_5mCG_5hmCG.bam
NA18952,11_28_23_R1041_HPRC_NA18952_1_dorado0.6.0_sup4.3.0_5mCG_5hmCG.bam,26.48,87.38,76378,https://s3-us-west-2.amazonaws.com/human-pangenomics/working/HPRC/NA18952/raw_data/nanopore/dorado0.6.0_sup4.3.0_5mCG_5hmCG/11_28_23_R1041_HPRC_NA18952_1_dorado0.6.0_sup4.3.0_5mCG_5hmCG.bam
NA18952,11_28_23_R1041_HPRC_NA18952_2_dorado0.6.0_sup4.3.0_5mCG_5hmCG.bam,25.49,84.13,77524,https://s3-us-west-2.amazonaws.com/human-pangenomics/working/HPRC/NA18952/raw_data/nanopore/dorado0.6.0_sup4.3.0_5mCG_5hmCG/11_28_23_R1041_HPRC_NA18952_2_dorado0.6.0_sup4.3.0_5mCG_5hmCG.bam
NA18952,11_28_23_R1041_HPRC_NA18952_3_dorado0.6.0_sup4.3.0_5mCG_5hmCG.bam,24.09,79.49,74943,https://s3-us-west-2.amazonaws.com/human-pangenomics/working/HPRC/NA18952/raw_data/nanopore/dorado0.6.0_sup4.3.0_5mCG_5hmCG/11_28_23_R1041_HPRC_NA18952_3_dorado0.6.0_sup4.3.0_5mCG_5hmCG.bam
NA18959,01_09_24_R1041_AMED-Collaboration-HPRC_NA18959_1_dorado0.5.3_sup4.3.0_5mCG_5hmCG.bam,23.11,76.27,86205,https://s3-us-west-2.amazonaws.com/human-pangenomics/working/HPP/AMED/NA18959/raw_data/nanopore/dorado0.5.3_sup4.3.0_5mCG_5hmCG/01_09_24_R1041_AMED-Collaboration-HPRC_NA18959_1_dorado0.5.3_sup4.3.0_5mCG_5hmCG.bam
NA18959,01_09_24_R1041_AMED-Collaboration-HPRC_NA18959_2_dorado0.5.3_sup4.3.0_5mCG_5hmCG.bam,22.17,73.16,94824,https://s3-us-west-2.amazonaws.com/human-pangenomics/working/HPP/AMED/NA18959/raw_data/nanopore/dorado0.5.3_sup4.3.0_5mCG_5hmCG/01_09_24_R1041_AMED-Collaboration-HPRC_NA18959_2_dorado0.5.3_sup4.3.0_5mCG_5hmCG.bam
NA18959,01_09_24_R1041_AMED-Collaboration-HPRC_NA18959_3_dorado0.5.3_sup4.3.0_5mCG_5hmCG.bam,23.7,78.2,92026,https://s3-us-west-2.amazonaws.com/human-pangenomics/working/HPP/AMED/NA18959/raw_data/nanopore/dorado0.5.3_sup4.3.0_5mCG_5hmCG/01_09_24_R1041_AMED-Collaboration-HPRC_NA18959_3_dorado0.5.3_sup4.3.0_5mCG_5hmCG.bam
NA18960,01_09_24_R1041_AMED-Collaboration-HPRC_NA18960_1_dorado0.5.3_sup4.3.0_5mCG_5hmCG.bam,27.48,90.67,86535,https://s3-us-west-2.amazonaws.com/human-pangenomics/working/HPP/AMED/NA18960/raw_data/nanopore/dorado0.5.3_sup4.3.0_5mCG_5hmCG/01_09_24_R1041_AMED-Collaboration-HPRC_NA18960_1_dorado0.5.3_sup4.3.0_5mCG_5hmCG.bam
NA18960,01_09_24_R1041_AMED-Collaboration-HPRC_NA18960_2_dorado0.5.3_sup4.3.0_5mCG_5hmCG.bam,25.96,85.66,86994,https://s3-us-west-2.amazonaws.com/human-pangenomics/working/HPP/AMED/NA18960/raw_data/nanopore/dorado0.5.3_sup4.3.0_5mCG_5hmCG/01_09_24_R1041_AMED-Collaboration-HPRC_NA18960_2_dorado0.5.3_sup4.3.0_5mCG_5hmCG.bam
NA18960,01_09_24_R1041_AMED-Collaboration-HPRC_NA18960_3_dorado0.5.3_sup4.3.0_5mCG_5hmCG.bam,24.02,79.27,85904,https://s3-us-west-2.amazonaws.com/human-pangenomics/working/HPP/AMED/NA18960/raw_data/nanopore/dorado0.5.3_sup4.3.0_5mCG_5hmCG/01_09_24_R1041_AMED-Collaboration-HPRC_NA18960_3_dorado0.5.3_sup4.3.0_5mCG_5hmCG.bam
NA18967,01_09_24_R1041_AMED-Collaboration-HPRC_NA18967_1_dorado0.5.3_sup4.3.0_5mCG_5hmCG.bam,14.23,46.95,83952,https://s3-us-west-2.amazonaws.com/human-pangenomics/working/HPP/AMED/NA18967/raw_data/nanopore/dorado0.5.3_sup4.3.0_5mCG_5hmCG/01_09_24_R1041_AMED-Collaboration-HPRC_NA18967_1_dorado0.5.3_sup4.3.0_5mCG_5hmCG.bam
NA18967,01_09_24_R1041_AMED-Collaboration-HPRC_NA18967_2_dorado0.5.3_sup4.3.0_5mCG_5hmCG.bam,20.02,66.05,81953,https://s3-us-west-2.amazonaws.com/human-pangenomics/working/HPP/AMED/NA18967/raw_data/nanopore/dorado0.5.3_sup4.3.0_5mCG_5hmCG/01_09_24_R1041_AMED-Collaboration-HPRC_NA18967_2_dorado0.5.3_sup4.3.0_5mCG_5hmCG.bam
NA18967,01_09_24_R1041_AMED-Collaboration-HPRC_NA18967_3_dorado0.5.3_sup4.3.0_5mCG_5hmCG.bam,24.25,80.03,91691,https://s3-us-west-2.amazonaws.com/human-pangenomics/working/HPP/AMED/NA18967/raw_data/nanopore/dorado0.5.3_sup4.3.0_5mCG_5hmCG/01_09_24_R1041_AMED-Collaboration-HPRC_NA18967_3_dorado0.5.3_sup4.3.0_5mCG_5hmCG.bam
NA18967,01_09_24_R1041_AMED-Collaboration-HPRC_NA18967_4_dorado0.5.3_sup4.3.0_5mCG_5hmCG.bam,7.36,24.28,95062,https://s3-us-west-2.amazonaws.com/human-pangenomics/working/HPP/AMED/NA18967/raw_data/nanopore/dorado0.5.3_sup4.3.0_5mCG_5hmCG/01_09_24_R1041_AMED-Collaboration-HPRC_NA18967_4_dorado0.5.3_sup4.3.0_5mCG_5hmCG.bam
NA18970,01_09_24_R1041_AMED-Collaboration-HPRC_NA18970_1_dorado0.5.3_sup4.3.0_5mCG_5hmCG.bam,28.19,93.03,88506,https://s3-us-west-2.amazonaws.com/human-pangenomics/working/HPP/AMED/NA18970/raw_data/nanopore/dorado0.5.3_sup4.3.0_5mCG_5hmCG/01_09_24_R1041_AMED-Collaboration-HPRC_NA18970_1_dorado0.5.3_sup4.3.0_5mCG_5hmCG.bam
NA18970,01_09_24_R1041_AMED-Collaboration-HPRC_NA18970_2_dorado0.5.3_sup4.3.0_5mCG_5hmCG.bam,22.03,72.69,87730,https://s3-us-west-2.amazonaws.com/human-pangenomics/working/HPP/AMED/NA18970/raw_data/nanopore/dorado0.5.3_sup4.3.0_5mCG_5hmCG/01_09_24_R1041_AMED-Collaboration-HPRC_NA18970_2_dorado0.5.3_sup4.3.0_5mCG_5hmCG.bam
NA18970,01_09_24_R1041_AMED-Collaboration-HPRC_NA18970_3_dorado0.5.3_sup4.3.0_5mCG_5hmCG.bam,16.57,54.69,70390,https://s3-us-west-2.amazonaws.com/human-pangenomics/working/HPP/AMED/NA18970/raw_data/nanopore/dorado0.5.3_sup4.3.0_5mCG_5hmCG/01_09_24_R1041_AMED-Collaboration-HPRC_NA18970_3_dorado0.5.3_sup4.3.0_5mCG_5hmCG.bam
NA18974,11_28_23_R1041_HPRC_NA18974_3_dorado0.6.0_sup4.3.0_5mCG_5hmCG.bam,13.3,43.89,81432,https://s3-us-west-2.amazonaws.com/human-pangenomics/working/HPRC/NA18974/raw_data/nanopore/dorado0.6.0_sup4.3.0_5mCG_5hmCG/11_28_23_R1041_HPRC_NA18974_3_dorado0.6.0_sup4.3.0_5mCG_5hmCG.bam
NA18974,11_28_23_R1041_HPRC_NA18974_2_dorado0.6.0_sup4.3.0_5mCG_5hmCG.bam,27.71,91.46,80674,https://s3-us-west-2.amazonaws.com/human-pangenomics/working/HPRC/NA18974/raw_data/nanopore/dorado0.6.0_sup4.3.0_5mCG_5hmCG/11_28_23_R1041_HPRC_NA18974_2_dorado0.6.0_sup4.3.0_5mCG_5hmCG.bam
NA18974,11_28_23_R1041_HPRC_NA18974_4_dorado0.6.0_sup4.3.0_5mCG_5hmCG.bam,19.03,62.79,82076,https://s3-us-west-2.amazonaws.com/human-pangenomics/working/HPRC/NA18974/raw_data/nanopore/dorado0.6.0_sup4.3.0_5mCG_5hmCG/11_28_23_R1041_HPRC_NA18974_4_dorado0.6.0_sup4.3.0_5mCG_5hmCG.bam
NA18974,11_28_23_R1041_HPRC_NA18974_1_dorado0.6.0_sup4.3.0_5mCG_5hmCG.bam,25.16,83.01,82940,https://s3-us-west-2.amazonaws.com/human-pangenomics/working/HPRC/NA18974/raw_data/nanopore/dorado0.6.0_sup4.3.0_5mCG_5hmCG/11_28_23_R1041_HPRC_NA18974_1_dorado0.6.0_sup4.3.0_5mCG_5hmCG.bam
NA18976,12_12_23_R1041_HPRC_NA18976_2_dorado0.6.0_sup4.3.0_5mCG_5hmCG.bam,16.97,56.01,75104,https://s3-us-west-2.amazonaws.com/human-pangenomics/working/HPRC/NA18976/raw_data/nanopore/dorado0.6.0_sup4.3.0_5mCG_5hmCG/12_12_23_R1041_HPRC_NA18976_2_dorado0.6.0_sup4.3.0_5mCG_5hmCG.bam
NA18976,12_12_23_R1041_HPRC_NA18976_3_dorado0.6.0_sup4.3.0_5mCG_5hmCG.bam,23.93,78.97,76620,https://s3-us-west-2.amazonaws.com/human-pangenomics/working/HPRC/NA18976/raw_data/nanopore/dorado0.6.0_sup4.3.0_5mCG_5hmCG/12_12_23_R1041_HPRC_NA18976_3_dorado0.6.0_sup4.3.0_5mCG_5hmCG.bam
NA18976,12_12_23_R1041_HPRC_NA18976_1_dorado0.6.0_sup4.3.0_5mCG_5hmCG.bam,23.93,78.98,74401,https://s3-us-west-2.amazonaws.com/human-pangenomics/working/HPRC/NA18976/raw_data/nanopore/dorado0.6.0_sup4.3.0_5mCG_5hmCG/12_12_23_R1041_HPRC_NA18976_1_dorado0.6.0_sup4.3.0_5mCG_5hmCG.bam
NA18982,01_09_24_R1041_AMED-Collaboration-HPRC_NA18982_1_dorado0.5.3_sup4.3.0_5mCG_5hmCG.bam,21.75,71.77,88281,https://s3-us-west-2.amazonaws.com/human-pangenomics/working/HPP/AMED/NA18982/raw_data/nanopore/dorado0.5.3_sup4.3.0_5mCG_5hmCG/01_09_24_R1041_AMED-Collaboration-HPRC_NA18982_1_dorado0.5.3_sup4.3.0_5mCG_5hmCG.bam
NA18982,01_09_24_R1041_AMED-Collaboration-HPRC_NA18982_2_dorado0.5.3_sup4.3.0_5mCG_5hmCG.bam,11.88,39.21,39152,https://s3-us-west-2.amazonaws.com/human-pangenomics/working/HPP/AMED/NA18982/raw_data/nanopore/dorado0.5.3_sup4.3.0_5mCG_5hmCG/01_09_24_R1041_AMED-Collaboration-HPRC_NA18982_2_dorado0.5.3_sup4.3.0_5mCG_5hmCG.bam
NA18982,01_09_24_R1041_AMED-Collaboration-HPRC_NA18982_3_dorado0.5.3_sup4.3.0_5mCG_5hmCG.bam,20.94,69.09,88648,https://s3-us-west-2.amazonaws.com/human-pangenomics/working/HPP/AMED/NA18982/raw_data/nanopore/dorado0.5.3_sup4.3.0_5mCG_5hmCG/01_09_24_R1041_AMED-Collaboration-HPRC_NA18982_3_dorado0.5.3_sup4.3.0_5mCG_5hmCG.bam
NA18982,01_09_24_R1041_AMED-Collaboration-HPRC_NA18982_4_dorado0.5.3_sup4.3.0_5mCG_5hmCG.bam,7.31,24.13,93907,https://s3-us-west-2.amazonaws.com/human-pangenomics/working/HPP/AMED/NA18982/raw_data/nanopore/dorado0.5.3_sup4.3.0_5mCG_5hmCG/01_09_24_R1041_AMED-Collaboration-HPRC_NA18982_4_dorado0.5.3_sup4.3.0_5mCG_5hmCG.bam
NA19036,12_05_23_R1041_HPRC_NA19036_2_dorado0.6.0_sup4.3.0_5mCG_5hmCG.bam,14.55,48.01,67608,https://s3-us-west-2.amazonaws.com/human-pangenomics/working/HPRC/NA19036/raw_data/nanopore/dorado0.6.0_sup4.3.0_5mCG_5hmCG/12_05_23_R1041_HPRC_NA19036_2_dorado0.6.0_sup4.3.0_5mCG_5hmCG.bam
NA19036,01_23_24_R1041_HPRC_NA19036_2_dorado0.6.0_sup4.3.0_5mCG_5hmCG.bam,9.55,31.52,101740,https://s3-us-west-2.amazonaws.com/human-pangenomics/working/HPRC/NA19036/raw_data/nanopore/dorado0.6.0_sup4.3.0_5mCG_5hmCG/01_23_24_R1041_HPRC_NA19036_2_dorado0.6.0_sup4.3.0_5mCG_5hmCG.bam
NA19036,12_05_23_R1041_HPRC_NA19036_3_dorado0.6.0_sup4.3.0_5mCG_5hmCG.bam,16.52,54.52,71988,https://s3-us-west-2.amazonaws.com/human-pangenomics/working/HPRC/NA19036/raw_data/nanopore/dorado0.6.0_sup4.3.0_5mCG_5hmCG/12_05_23_R1041_HPRC_NA19036_3_dorado0.6.0_sup4.3.0_5mCG_5hmCG.bam
NA19036,01_23_24_R1041_HPRC_NA19036_3_dorado0.6.0_sup4.3.0_5mCG_5hmCG.bam,10.7,35.32,100299,https://s3-us-west-2.amazonaws.com/human-pangenomics/working/HPRC/NA19036/raw_data/nanopore/dorado0.6.0_sup4.3.0_5mCG_5hmCG/01_23_24_R1041_HPRC_NA19036_3_dorado0.6.0_sup4.3.0_5mCG_5hmCG.bam
NA19036,12_05_23_R1041_HPRC_NA19036_1_dorado0.6.0_sup4.3.0_5mCG_5hmCG.bam,21.29,70.26,59325,https://s3-us-west-2.amazonaws.com/human-pangenomics/working/HPRC/NA19036/raw_data/nanopore/dorado0.6.0_sup4.3.0_5mCG_5hmCG/12_05_23_R1041_HPRC_NA19036_1_dorado0.6.0_sup4.3.0_5mCG_5hmCG.bam
NA19036,01_23_24_R1041_HPRC_NA19036_1_dorado0.6.0_sup4.3.0_5mCG_5hmCG.bam,18.93,62.48,93887,https://s3-us-west-2.amazonaws.com/human-pangenomics/working/HPRC/NA19036/raw_data/nanopore/dorado0.6.0_sup4.3.0_5mCG_5hmCG/01_23_24_R1041_HPRC_NA19036_1_dorado0.6.0_sup4.3.0_5mCG_5hmCG.bam
NA19240,03_14_23_R1041_NA19240_1_dorado0.7.2_sup4.1.0_5mCG_5hmCG.bam,24.97,82.41,101147,https://s3-us-west-2.amazonaws.com/human-pangenomics/working/HPRC_PLUS/NA19240/raw_data/nanopore/dorado0.7.2_sup4.1.0_5mCG_5hmCG/03_14_23_R1041_NA19240_1_dorado0.7.2_sup4.1.0_5mCG_5hmCG.bam
NA19240,03_14_23_R1041_NA19240_2_dorado0.7.2_sup4.1.0_5mCG_5hmCG.bam,23.97,79.1,104114,https://s3-us-west-2.amazonaws.com/human-pangenomics/working/HPRC_PLUS/NA19240/raw_data/nanopore/dorado0.7.2_sup4.1.0_5mCG_5hmCG/03_14_23_R1041_NA19240_2_dorado0.7.2_sup4.1.0_5mCG_5hmCG.bam
NA19240,03_14_23_R1041_NA19240_3_dorado0.7.2_sup4.1.0_5mCG_5hmCG.bam,25.0,82.5,103247,https://s3-us-west-2.amazonaws.com/human-pangenomics/working/HPRC_PLUS/NA19240/raw_data/nanopore/dorado0.7.2_sup4.1.0_5mCG_5hmCG/03_14_23_R1041_NA19240_3_dorado0.7.2_sup4.1.0_5mCG_5hmCG.bam
NA19443,12_12_23_R1041_HPRC_NA19443_3_dorado0.6.0_sup4.3.0_5mCG_5hmCG.bam,8.73,28.8,76405,https://s3-us-west-2.amazonaws.com/human-pangenomics/working/HPRC/NA19443/raw_data/nanopore/dorado0.6.0_sup4.3.0_5mCG_5hmCG/12_12_23_R1041_HPRC_NA19443_3_dorado0.6.0_sup4.3.0_5mCG_5hmCG.bam
NA19443,01_23_24_R1041_HPRC_NA19443_2_dorado0.6.0_sup4.3.0_5mCG_5hmCG.bam,21.44,70.77,80834,https://s3-us-west-2.amazonaws.com/human-pangenomics/working/HPRC/NA19443/raw_data/nanopore/dorado0.6.0_sup4.3.0_5mCG_5hmCG/01_23_24_R1041_HPRC_NA19443_2_dorado0.6.0_sup4.3.0_5mCG_5hmCG.bam
NA19443,12_12_23_R1041_HPRC_NA19443_2_dorado0.6.0_sup4.3.0_5mCG_5hmCG.bam,10.32,34.07,69832,https://s3-us-west-2.amazonaws.com/human-pangenomics/working/HPRC/NA19443/raw_data/nanopore/dorado0.6.0_sup4.3.0_5mCG_5hmCG/12_12_23_R1041_HPRC_NA19443_2_dorado0.6.0_sup4.3.0_5mCG_5hmCG.bam
NA19443,01_23_24_R1041_HPRC_NA19443_1_dorado0.6.0_sup4.3.0_5mCG_5hmCG.bam,18.0,59.39,86836,https://s3-us-west-2.amazonaws.com/human-pangenomics/working/HPRC/NA19443/raw_data/nanopore/dorado0.6.0_sup4.3.0_5mCG_5hmCG/01_23_24_R1041_HPRC_NA19443_1_dorado0.6.0_sup4.3.0_5mCG_5hmCG.bam
NA19443,12_12_23_R1041_HPRC_NA19443_1_dorado0.6.0_sup4.3.0_5mCG_5hmCG.bam,11.36,37.48,66772,https://s3-us-west-2.amazonaws.com/human-pangenomics/working/HPRC/NA19443/raw_data/nanopore/dorado0.6.0_sup4.3.0_5mCG_5hmCG/12_12_23_R1041_HPRC_NA19443_1_dorado0.6.0_sup4.3.0_5mCG_5hmCG.bam
NA19682,11_28_23_R1041_HPRC_NA19682_4_dorado0.6.0_sup4.3.0_5mCG_5hmCG.bam,18.46,60.9,66575,https://s3-us-west-2.amazonaws.com/human-pangenomics/working/HPRC/NA19682/raw_data/nanopore/dorado0.6.0_sup4.3.0_5mCG_5hmCG/11_28_23_R1041_HPRC_NA19682_4_dorado0.6.0_sup4.3.0_5mCG_5hmCG.bam
NA19682,11_28_23_R1041_HPRC_NA19682_1_dorado0.6.0_sup4.3.0_5mCG_5hmCG.bam,31.36,103.5,74515,https://s3-us-west-2.amazonaws.com/human-pangenomics/working/HPRC/NA19682/raw_data/nanopore/dorado0.6.0_sup4.3.0_5mCG_5hmCG/11_28_23_R1041_HPRC_NA19682_1_dorado0.6.0_sup4.3.0_5mCG_5hmCG.bam
NA19682,11_28_23_R1041_HPRC_NA19682_3_dorado0.6.0_sup4.3.0_5mCG_5hmCG.bam,27.66,91.29,69847,https://s3-us-west-2.amazonaws.com/human-pangenomics/working/HPRC/NA19682/raw_data/nanopore/dorado0.6.0_sup4.3.0_5mCG_5hmCG/11_28_23_R1041_HPRC_NA19682_3_dorado0.6.0_sup4.3.0_5mCG_5hmCG.bam
NA19682,11_28_23_R1041_HPRC_NA19682_2_dorado0.6.0_sup4.3.0_5mCG_5hmCG.bam,9.34,30.82,67076,https://s3-us-west-2.amazonaws.com/human-pangenomics/working/HPRC/NA19682/raw_data/nanopore/dorado0.6.0_sup4.3.0_5mCG_5hmCG/11_28_23_R1041_HPRC_NA19682_2_dorado0.6.0_sup4.3.0_5mCG_5hmCG.bam
NA19700,09_12_23_R1041_HPRC_NA19700_3_dorado0.6.0_sup4.3.0_5mCG_5hmCG.bam,7.87,25.99,116408,https://s3-us-west-2.amazonaws.com/human-pangenomics/working/HPRC/NA19700/raw_data/nanopore/dorado0.6.0_sup4.3.0_5mCG_5hmCG/09_12_23_R1041_HPRC_NA19700_3_dorado0.6.0_sup4.3.0_5mCG_5hmCG.bam
NA19700,09_12_23_R1041_HPRC_NA19700_2_dorado0.6.0_sup4.3.0_5mCG_5hmCG.bam,8.02,26.46,117906,https://s3-us-west-2.amazonaws.com/human-pangenomics/working/HPRC/NA19700/raw_data/nanopore/dorado0.6.0_sup4.3.0_5mCG_5hmCG/09_12_23_R1041_HPRC_NA19700_2_dorado0.6.0_sup4.3.0_5mCG_5hmCG.bam
NA19700,01_23_24_R1041_HPRC_NA19700_1_dorado0.6.0_sup4.3.0_5mCG_5hmCG.bam,16.09,53.09,118028,https://s3-us-west-2.amazonaws.com/human-pangenomics/working/HPRC/NA19700/raw_data/nanopore/dorado0.6.0_sup4.3.0_5mCG_5hmCG/01_23_24_R1041_HPRC_NA19700_1_dorado0.6.0_sup4.3.0_5mCG_5hmCG.bam
NA19700,09_12_23_R1041_HPRC_NA19700_4_dorado0.6.0_sup4.3.0_5mCG_5hmCG.bam,10.59,34.95,109895,https://s3-us-west-2.amazonaws.com/human-pangenomics/working/HPRC/NA19700/raw_data/nanopore/dorado0.6.0_sup4.3.0_5mCG_5hmCG/09_12_23_R1041_HPRC_NA19700_4_dorado0.6.0_sup4.3.0_5mCG_5hmCG.bam
NA19700,09_12_23_R1041_HPRC_NA19700_1_dorado0.6.0_sup4.3.0_5mCG_5hmCG.bam,3.27,10.78,109310,https://s3-us-west-2.amazonaws.com/human-pangenomics/working/HPRC/NA19700/raw_data/nanopore/dorado0.6.0_sup4.3.0_5mCG_5hmCG/09_12_23_R1041_HPRC_NA19700_1_dorado0.6.0_sup4.3.0_5mCG_5hmCG.bam
NA19700,01_23_24_R1041_HPRC_NA19700_2_dorado0.6.0_sup4.3.0_5mCG_5hmCG.bam,15.86,52.33,115312,https://s3-us-west-2.amazonaws.com/human-pangenomics/working/HPRC/NA19700/raw_data/nanopore/dorado0.6.0_sup4.3.0_5mCG_5hmCG/01_23_24_R1041_HPRC_NA19700_2_dorado0.6.0_sup4.3.0_5mCG_5hmCG.bam
NA19776,10_24_23_R1041_HPRC_NA19776_1_dorado0.6.0_sup4.3.0_5mCG_5hmCG.bam,31.98,105.54,76649,https://s3-us-west-2.amazonaws.com/human-pangenomics/working/HPRC/NA19776/raw_data/nanopore/dorado0.6.0_sup4.3.0_5mCG_5hmCG/10_24_23_R1041_HPRC_NA19776_1_dorado0.6.0_sup4.3.0_5mCG_5hmCG.bam
NA19776,10_24_23_R1041_HPRC_NA19776_2_dorado0.6.0_sup4.3.0_5mCG_5hmCG.bam,29.92,98.73,75350,https://s3-us-west-2.amazonaws.com/human-pangenomics/working/HPRC/NA19776/raw_data/nanopore/dorado0.6.0_sup4.3.0_5mCG_5hmCG/10_24_23_R1041_HPRC_NA19776_2_dorado0.6.0_sup4.3.0_5mCG_5hmCG.bam
NA19776,10_24_23_R1041_HPRC_NA19776_3_dorado0.6.0_sup4.3.0_5mCG_5hmCG.bam,28.77,94.95,74650,https://s3-us-west-2.amazonaws.com/human-pangenomics/working/HPRC/NA19776/raw_data/nanopore/dorado0.6.0_sup4.3.0_5mCG_5hmCG/10_24_23_R1041_HPRC_NA19776_3_dorado0.6.0_sup4.3.0_5mCG_5hmCG.bam
NA19835,10_31_23_R1041_HPRC_NA19835_3_dorado0.6.0_sup4.3.0_5mCG_5hmCG.bam,25.09,82.8,91420,https://s3-us-west-2.amazonaws.com/human-pangenomics/working/HPRC/NA19835/raw_data/nanopore/dorado0.6.0_sup4.3.0_5mCG_5hmCG/10_31_23_R1041_HPRC_NA19835_3_dorado0.6.0_sup4.3.0_5mCG_5hmCG.bam
NA19835,10_31_23_R1041_HPRC_NA19835_2_dorado0.6.0_sup4.3.0_5mCG_5hmCG.bam,25.75,84.97,85426,https://s3-us-west-2.amazonaws.com/human-pangenomics/working/HPRC/NA19835/raw_data/nanopore/dorado0.6.0_sup4.3.0_5mCG_5hmCG/10_31_23_R1041_HPRC_NA19835_2_dorado0.6.0_sup4.3.0_5mCG_5hmCG.bam
NA19835,10_31_23_R1041_HPRC_NA19835_1_dorado0.6.0_sup4.3.0_5mCG_5hmCG.bam,32.12,106.01,93710,https://s3-us-west-2.amazonaws.com/human-pangenomics/working/HPRC/NA19835/raw_data/nanopore/dorado0.6.0_sup4.3.0_5mCG_5hmCG/10_31_23_R1041_HPRC_NA19835_1_dorado0.6.0_sup4.3.0_5mCG_5hmCG.bam
NA19909,11_14_23_R1041_HPRC_NA19909_2_dorado0.6.0_sup4.3.0_5mCG_5hmCG.bam,24.66,81.39,75859,https://s3-us-west-2.amazonaws.com/human-pangenomics/working/HPRC/NA19909/raw_data/nanopore/dorado0.6.0_sup4.3.0_5mCG_5hmCG/11_14_23_R1041_HPRC_NA19909_2_dorado0.6.0_sup4.3.0_5mCG_5hmCG.bam
NA19909,11_14_23_R1041_HPRC_NA19909_3_dorado0.6.0_sup4.3.0_5mCG_5hmCG.bam,28.6,94.39,73198,https://s3-us-west-2.amazonaws.com/human-pangenomics/working/HPRC/NA19909/raw_data/nanopore/dorado0.6.0_sup4.3.0_5mCG_5hmCG/11_14_23_R1041_HPRC_NA19909_3_dorado0.6.0_sup4.3.0_5mCG_5hmCG.bam
NA19909,11_14_23_R1041_HPRC_NA19909_1_dorado0.6.0_sup4.3.0_5mCG_5hmCG.bam,26.61,87.82,66734,https://s3-us-west-2.amazonaws.com/human-pangenomics/working/HPRC/NA19909/raw_data/nanopore/dorado0.6.0_sup4.3.0_5mCG_5hmCG/11_14_23_R1041_HPRC_NA19909_1_dorado0.6.0_sup4.3.0_5mCG_5hmCG.bam
NA20129,03_08_23_R1041_NA20129_1_dorado0.7.2_sup4.1.0_5mCG_5hmCG.bam,29.4,97.02,89158,https://s3-us-west-2.amazonaws.com/human-pangenomics/working/HPRC_PLUS/NA20129/raw_data/nanopore/dorado0.7.2_sup4.1.0_5mCG_5hmCG/03_08_23_R1041_NA20129_1_dorado0.7.2_sup4.1.0_5mCG_5hmCG.bam
NA20129,03_08_23_R1041_NA20129_2_dorado0.7.2_sup4.1.0_5mCG_5hmCG.bam,18.43,60.81,88478,https://s3-us-west-2.amazonaws.com/human-pangenomics/working/HPRC_PLUS/NA20129/raw_data/nanopore/dorado0.7.2_sup4.1.0_5mCG_5hmCG/03_08_23_R1041_NA20129_2_dorado0.7.2_sup4.1.0_5mCG_5hmCG.bam
NA20129,03_08_23_R1041_NA20129_3_dorado0.7.2_sup4.1.0_5mCG_5hmCG.bam,26.75,88.26,85341,https://s3-us-west-2.amazonaws.com/human-pangenomics/working/HPRC_PLUS/NA20129/raw_data/nanopore/dorado0.7.2_sup4.1.0_5mCG_5hmCG/03_08_23_R1041_NA20129_3_dorado0.7.2_sup4.1.0_5mCG_5hmCG.bam
NA20282,12_12_23_R1041_HPRC_NA20282_3_dorado0.6.0_sup4.3.0_5mCG_5hmCG.bam,22.21,73.3,76008,https://s3-us-west-2.amazonaws.com/human-pangenomics/working/HPRC/NA20282/raw_data/nanopore/dorado0.6.0_sup4.3.0_5mCG_5hmCG/12_12_23_R1041_HPRC_NA20282_3_dorado0.6.0_sup4.3.0_5mCG_5hmCG.bam
NA20282,12_12_23_R1041_HPRC_NA20282_2_dorado0.6.0_sup4.3.0_5mCG_5hmCG.bam,19.57,64.6,78192,https://s3-us-west-2.amazonaws.com/human-pangenomics/working/HPRC/NA20282/raw_data/nanopore/dorado0.6.0_sup4.3.0_5mCG_5hmCG/12_12_23_R1041_HPRC_NA20282_2_dorado0.6.0_sup4.3.0_5mCG_5hmCG.bam
NA20282,12_12_23_R1041_HPRC_NA20282_1_dorado0.6.0_sup4.3.0_5mCG_5hmCG.bam,26.62,87.84,80900,https://s3-us-west-2.amazonaws.com/human-pangenomics/working/HPRC/NA20282/raw_data/nanopore/dorado0.6.0_sup4.3.0_5mCG_5hmCG/12_12_23_R1041_HPRC_NA20282_1_dorado0.6.0_sup4.3.0_5mCG_5hmCG.bam
NA20346,11_28_23_R1041_HPRC_NA20346_2_dorado0.6.0_sup4.3.0_5mCG_5hmCG.bam,29.86,98.54,71717,https://s3-us-west-2.amazonaws.com/human-pangenomics/working/HPRC/NA20346/raw_data/nanopore/dorado0.6.0_sup4.3.0_5mCG_5hmCG/11_28_23_R1041_HPRC_NA20346_2_dorado0.6.0_sup4.3.0_5mCG_5hmCG.bam
NA20346,11_28_23_R1041_HPRC_NA20346_3_dorado0.6.0_sup4.3.0_5mCG_5hmCG.bam,30.16,99.54,67294,https://s3-us-west-2.amazonaws.com/human-pangenomics/working/HPRC/NA20346/raw_data/nanopore/dorado0.6.0_sup4.3.0_5mCG_5hmCG/11_28_23_R1041_HPRC_NA20346_3_dorado0.6.0_sup4.3.0_5mCG_5hmCG.bam
NA20346,11_28_23_R1041_HPRC_NA20346_1_dorado0.6.0_sup4.3.0_5mCG_5hmCG.bam,10.88,35.89,72313,https://s3-us-west-2.amazonaws.com/human-pangenomics/working/HPRC/NA20346/raw_data/nanopore/dorado0.6.0_sup4.3.0_5mCG_5hmCG/11_28_23_R1041_HPRC_NA20346_1_dorado0.6.0_sup4.3.0_5mCG_5hmCG.bam
NA20346,11_28_23_R1041_HPRC_NA20346_4_dorado0.6.0_sup4.3.0_5mCG_5hmCG.bam,16.45,54.29,65177,https://s3-us-west-2.amazonaws.com/human-pangenomics/working/HPRC/NA20346/raw_data/nanopore/dorado0.6.0_sup4.3.0_5mCG_5hmCG/11_28_23_R1041_HPRC_NA20346_4_dorado0.6.0_sup4.3.0_5mCG_5hmCG.bam
NA20503,12_12_23_R1041_HPRC_NA20503_1_dorado0.6.0_sup4.3.0_5mCG_5hmCG.bam,21.8,71.93,78204,https://s3-us-west-2.amazonaws.com/human-pangenomics/working/HPRC/NA20503/raw_data/nanopore/dorado0.6.0_sup4.3.0_5mCG_5hmCG/12_12_23_R1041_HPRC_NA20503_1_dorado0.6.0_sup4.3.0_5mCG_5hmCG.bam
NA20503,12_12_23_R1041_HPRC_NA20503_3_dorado0.6.0_sup4.3.0_5mCG_5hmCG.bam,19.42,64.07,75551,https://s3-us-west-2.amazonaws.com/human-pangenomics/working/HPRC/NA20503/raw_data/nanopore/dorado0.6.0_sup4.3.0_5mCG_5hmCG/12_12_23_R1041_HPRC_NA20503_3_dorado0.6.0_sup4.3.0_5mCG_5hmCG.bam
NA20503,12_12_23_R1041_HPRC_NA20503_2_dorado0.6.0_sup4.3.0_5mCG_5hmCG.bam,22.0,72.59,82806,https://s3-us-west-2.amazonaws.com/human-pangenomics/working/HPRC/NA20503/raw_data/nanopore/dorado0.6.0_sup4.3.0_5mCG_5hmCG/12_12_23_R1041_HPRC_NA20503_2_dorado0.6.0_sup4.3.0_5mCG_5hmCG.bam
NA20762,01_23_24_R1041_HPRC_NA20762_2_dorado0.6.0_sup4.3.0_5mCG_5hmCG.bam,25.39,83.78,101319,https://s3-us-west-2.amazonaws.com/human-pangenomics/working/HPRC/NA20762/raw_data/nanopore/dorado0.6.0_sup4.3.0_5mCG_5hmCG/01_23_24_R1041_HPRC_NA20762_2_dorado0.6.0_sup4.3.0_5mCG_5hmCG.bam
NA20762,10_31_23_R1041_HPRC_NA20762_1_dorado0.6.0_sup4.3.0_5mCG_5hmCG.bam,7.16,23.62,94423,https://s3-us-west-2.amazonaws.com/human-pangenomics/working/HPRC/NA20762/raw_data/nanopore/dorado0.6.0_sup4.3.0_5mCG_5hmCG/10_31_23_R1041_HPRC_NA20762_1_dorado0.6.0_sup4.3.0_5mCG_5hmCG.bam
NA20762,10_31_23_R1041_HPRC_NA20762_3_dorado0.6.0_sup4.3.0_5mCG_5hmCG.bam,7.94,26.19,92514,https://s3-us-west-2.amazonaws.com/human-pangenomics/working/HPRC/NA20762/raw_data/nanopore/dorado0.6.0_sup4.3.0_5mCG_5hmCG/10_31_23_R1041_HPRC_NA20762_3_dorado0.6.0_sup4.3.0_5mCG_5hmCG.bam
NA20762,01_23_24_R1041_HPRC_NA20762_1_dorado0.6.0_sup4.3.0_5mCG_5hmCG.bam,26.01,85.85,104130,https://s3-us-west-2.amazonaws.com/human-pangenomics/working/HPRC/NA20762/raw_data/nanopore/dorado0.6.0_sup4.3.0_5mCG_5hmCG/01_23_24_R1041_HPRC_NA20762_1_dorado0.6.0_sup4.3.0_5mCG_5hmCG.bam
NA20762,10_31_23_R1041_HPRC_NA20762_2_dorado0.6.0_sup4.3.0_5mCG_5hmCG.bam,8.55,28.21,92407,https://s3-us-west-2.amazonaws.com/human-pangenomics/working/HPRC/NA20762/raw_data/nanopore/dorado0.6.0_sup4.3.0_5mCG_5hmCG/10_31_23_R1041_HPRC_NA20762_2_dorado0.6.0_sup4.3.0_5mCG_5hmCG.bam
NA20806,12_12_23_R1041_HPRC_NA20806_1_dorado0.6.0_sup4.3.0_5mCG_5hmCG.bam,29.73,98.12,80278,https://s3-us-west-2.amazonaws.com/human-pangenomics/working/HPRC/NA20806/raw_data/nanopore/dorado0.6.0_sup4.3.0_5mCG_5hmCG/12_12_23_R1041_HPRC_NA20806_1_dorado0.6.0_sup4.3.0_5mCG_5hmCG.bam
NA20806,12_12_23_R1041_HPRC_NA20806_4_dorado0.6.0_sup4.3.0_5mCG_5hmCG.bam,22.78,75.17,79752,https://s3-us-west-2.amazonaws.com/human-pangenomics/working/HPRC/NA20806/raw_data/nanopore/dorado0.6.0_sup4.3.0_5mCG_5hmCG/12_12_23_R1041_HPRC_NA20806_4_dorado0.6.0_sup4.3.0_5mCG_5hmCG.bam
NA20806,12_12_23_R1041_HPRC_NA20806_2_dorado0.6.0_sup4.3.0_5mCG_5hmCG.bam,15.32,50.56,80773,https://s3-us-west-2.amazonaws.com/human-pangenomics/working/HPRC/NA20806/raw_data/nanopore/dorado0.6.0_sup4.3.0_5mCG_5hmCG/12_12_23_R1041_HPRC_NA20806_2_dorado0.6.0_sup4.3.0_5mCG_5hmCG.bam
NA20806,12_12_23_R1041_HPRC_NA20806_3_dorado0.6.0_sup4.3.0_5mCG_5hmCG.bam,27.71,91.45,79726,https://s3-us-west-2.amazonaws.com/human-pangenomics/working/HPRC/NA20806/raw_data/nanopore/dorado0.6.0_sup4.3.0_5mCG_5hmCG/12_12_23_R1041_HPRC_NA20806_3_dorado0.6.0_sup4.3.0_5mCG_5hmCG.bam
NA20809,08_08_23_R1041_HPRC_NA20809_3_dorado0.6.0_sup4.3.0_5mCG_5hmCG.bam,20.29,66.95,75520,https://s3-us-west-2.amazonaws.com/human-pangenomics/working/HPRC/NA20809/raw_data/nanopore/dorado0.6.0_sup4.3.0_5mCG_5hmCG/08_08_23_R1041_HPRC_NA20809_3_dorado0.6.0_sup4.3.0_5mCG_5hmCG.bam
NA20809,08_08_23_R1041_HPRC_NA20809_2_dorado0.6.0_sup4.3.0_5mCG_5hmCG.bam,25.89,85.45,70362,https://s3-us-west-2.amazonaws.com/human-pangenomics/working/HPRC/NA20809/raw_data/nanopore/dorado0.6.0_sup4.3.0_5mCG_5hmCG/08_08_23_R1041_HPRC_NA20809_2_dorado0.6.0_sup4.3.0_5mCG_5hmCG.bam
NA20809,08_08_23_R1041_HPRC_NA20809_1_dorado0.6.0_sup4.3.0_5mCG_5hmCG.bam,23.75,78.39,76230,https://s3-us-west-2.amazonaws.com/human-pangenomics/working/HPRC/NA20809/raw_data/nanopore/dorado0.6.0_sup4.3.0_5mCG_5hmCG/08_08_23_R1041_HPRC_NA20809_1_dorado0.6.0_sup4.3.0_5mCG_5hmCG.bam
NA20827,11_28_23_R1041_HPRC_NA20827_2_dorado0.6.0_sup4.3.0_5mCG_5hmCG.bam,18.95,62.52,75169,https://s3-us-west-2.amazonaws.com/human-pangenomics/working/HPRC/NA20827/raw_data/nanopore/dorado0.6.0_sup4.3.0_5mCG_5hmCG/11_28_23_R1041_HPRC_NA20827_2_dorado0.6.0_sup4.3.0_5mCG_5hmCG.bam
NA20827,01_23_24_R1041_HPRC_NA20827_1_dorado0.6.0_sup4.3.0_5mCG_5hmCG.bam,15.83,52.23,111902,https://s3-us-west-2.amazonaws.com/human-pangenomics/working/HPRC/NA20827/raw_data/nanopore/dorado0.6.0_sup4.3.0_5mCG_5hmCG/01_23_24_R1041_HPRC_NA20827_1_dorado0.6.0_sup4.3.0_5mCG_5hmCG.bam
NA20827,11_28_23_R1041_HPRC_NA20827_3_dorado0.6.0_sup4.3.0_5mCG_5hmCG.bam,8.87,29.27,58171,https://s3-us-west-2.amazonaws.com/human-pangenomics/working/HPRC/NA20827/raw_data/nanopore/dorado0.6.0_sup4.3.0_5mCG_5hmCG/11_28_23_R1041_HPRC_NA20827_3_dorado0.6.0_sup4.3.0_5mCG_5hmCG.bam
NA20827,11_28_23_R1041_HPRC_NA20827_1_dorado0.6.0_sup4.3.0_5mCG_5hmCG.bam,21.56,71.13,76191,https://s3-us-west-2.amazonaws.com/human-pangenomics/working/HPRC/NA20827/raw_data/nanopore/dorado0.6.0_sup4.3.0_5mCG_5hmCG/11_28_23_R1041_HPRC_NA20827_1_dorado0.6.0_sup4.3.0_5mCG_5hmCG.bam
NA20827,01_23_24_R1041_HPRC_NA20827_2_dorado0.6.0_sup4.3.0_5mCG_5hmCG.bam,19.42,64.09,110993,https://s3-us-west-2.amazonaws.com/human-pangenomics/working/HPRC/NA20827/raw_data/nanopore/dorado0.6.0_sup4.3.0_5mCG_5hmCG/01_23_24_R1041_HPRC_NA20827_2_dorado0.6.0_sup4.3.0_5mCG_5hmCG.bam
NA20850,08_08_23_R1041_HPRC_NA20850_1_dorado0.6.0_sup4.3.0_5mCG_5hmCG.bam,20.76,68.49,64056,https://s3-us-west-2.amazonaws.com/human-pangenomics/working/HPRC/NA20850/raw_data/nanopore/dorado0.6.0_sup4.3.0_5mCG_5hmCG/08_08_23_R1041_HPRC_NA20850_1_dorado0.6.0_sup4.3.0_5mCG_5hmCG.bam
NA20850,08_08_23_R1041_HPRC_NA20850_2_dorado0.6.0_sup4.3.0_5mCG_5hmCG.bam,20.89,68.93,60903,https://s3-us-west-2.amazonaws.com/human-pangenomics/working/HPRC/NA20850/raw_data/nanopore/dorado0.6.0_sup4.3.0_5mCG_5hmCG/08_08_23_R1041_HPRC_NA20850_2_dorado0.6.0_sup4.3.0_5mCG_5hmCG.bam
NA20850,08_08_23_R1041_HPRC_NA20850_3_dorado0.6.0_sup4.3.0_5mCG_5hmCG.bam,22.3,73.58,65509,https://s3-us-west-2.amazonaws.com/human-pangenomics/working/HPRC/NA20850/raw_data/nanopore/dorado0.6.0_sup4.3.0_5mCG_5hmCG/08_08_23_R1041_HPRC_NA20850_3_dorado0.6.0_sup4.3.0_5mCG_5hmCG.bam
NA20870,11_14_23_R1041_HPRC_NA20870_1_dorado0.6.0_sup4.3.0_5mCG_5hmCG.bam,28.34,93.52,71442,https://s3-us-west-2.amazonaws.com/human-pangenomics/working/HPRC/NA20870/raw_data/nanopore/dorado0.6.0_sup4.3.0_5mCG_5hmCG/11_14_23_R1041_HPRC_NA20870_1_dorado0.6.0_sup4.3.0_5mCG_5hmCG.bam
NA20870,11_14_23_R1041_HPRC_NA20870_3_dorado0.6.0_sup4.3.0_5mCG_5hmCG.bam,28.15,92.9,68951,https://s3-us-west-2.amazonaws.com/human-pangenomics/working/HPRC/NA20870/raw_data/nanopore/dorado0.6.0_sup4.3.0_5mCG_5hmCG/11_14_23_R1041_HPRC_NA20870_3_dorado0.6.0_sup4.3.0_5mCG_5hmCG.bam
NA20870,11_14_23_R1041_HPRC_NA20870_2_dorado0.6.0_sup4.3.0_5mCG_5hmCG.bam,22.78,75.16,73153,https://s3-us-west-2.amazonaws.com/human-pangenomics/working/HPRC/NA20870/raw_data/nanopore/dorado0.6.0_sup4.3.0_5mCG_5hmCG/11_14_23_R1041_HPRC_NA20870_2_dorado0.6.0_sup4.3.0_5mCG_5hmCG.bam
NA21093,12_12_23_R1041_HPRC_NA21093_3_dorado0.6.0_sup4.3.0_5mCG_5hmCG.bam,17.03,56.21,68184,https://s3-us-west-2.amazonaws.com/human-pangenomics/working/HPRC/NA21093/raw_data/nanopore/dorado0.6.0_sup4.3.0_5mCG_5hmCG/12_12_23_R1041_HPRC_NA21093_3_dorado0.6.0_sup4.3.0_5mCG_5hmCG.bam
NA21093,12_12_23_R1041_HPRC_NA21093_2_dorado0.6.0_sup4.3.0_5mCG_5hmCG.bam,28.97,95.6,75581,https://s3-us-west-2.amazonaws.com/human-pangenomics/working/HPRC/NA21093/raw_data/nanopore/dorado0.6.0_sup4.3.0_5mCG_5hmCG/12_12_23_R1041_HPRC_NA21093_2_dorado0.6.0_sup4.3.0_5mCG_5hmCG.bam
NA21093,12_12_23_R1041_HPRC_NA21093_1_dorado0.6.0_sup4.3.0_5mCG_5hmCG.bam,24.21,79.88,70351,https://s3-us-west-2.amazonaws.com/human-pangenomics/working/HPRC/NA21093/raw_data/nanopore/dorado0.6.0_sup4.3.0_5mCG_5hmCG/12_12_23_R1041_HPRC_NA21093_1_dorado0.6.0_sup4.3.0_5mCG_5hmCG.bam
NA21093,01_23_24_R1041_HPRC_NA21093_1_dorado0.6.0_sup4.3.0_5mCG_5hmCG.bam,26.34,86.91,85167,https://s3-us-west-2.amazonaws.com/human-pangenomics/working/HPRC/NA21093/raw_data/nanopore/dorado0.6.0_sup4.3.0_5mCG_5hmCG/01_23_24_R1041_HPRC_NA21093_1_dorado0.6.0_sup4.3.0_5mCG_5hmCG.bam
NA21102,01_23_24_R1041_HPRC_NA21102_2_dorado0.6.0_sup4.3.0_5mCG_5hmCG.bam,17.81,58.77,100665,https://s3-us-west-2.amazonaws.com/human-pangenomics/working/HPRC/NA21102/raw_data/nanopore/dorado0.6.0_sup4.3.0_5mCG_5hmCG/01_23_24_R1041_HPRC_NA21102_2_dorado0.6.0_sup4.3.0_5mCG_5hmCG.bam
NA21102,10_17_23_R1041_HPRC_NA21102_1_dorado0.6.0_sup4.3.0_5mCG_5hmCG.bam,7.47,24.66,86044,https://s3-us-west-2.amazonaws.com/human-pangenomics/working/HPRC/NA21102/raw_data/nanopore/dorado0.6.0_sup4.3.0_5mCG_5hmCG/10_17_23_R1041_HPRC_NA21102_1_dorado0.6.0_sup4.3.0_5mCG_5hmCG.bam
NA21102,01_23_24_R1041_HPRC_NA21102_1_dorado0.6.0_sup4.3.0_5mCG_5hmCG.bam,18.45,60.9,103547,https://s3-us-west-2.amazonaws.com/human-pangenomics/working/HPRC/NA21102/raw_data/nanopore/dorado0.6.0_sup4.3.0_5mCG_5hmCG/01_23_24_R1041_HPRC_NA21102_1_dorado0.6.0_sup4.3.0_5mCG_5hmCG.bam
NA21102,10_17_23_R1041_HPRC_NA21102_3_dorado0.6.0_sup4.3.0_5mCG_5hmCG.bam,9.12,30.09,85354,https://s3-us-west-2.amazonaws.com/human-pangenomics/working/HPRC/NA21102/raw_data/nanopore/dorado0.6.0_sup4.3.0_5mCG_5hmCG/10_17_23_R1041_HPRC_NA21102_3_dorado0.6.0_sup4.3.0_5mCG_5hmCG.bam
NA21102,10_17_23_R1041_HPRC_NA21102_2_dorado0.6.0_sup4.3.0_5mCG_5hmCG.bam,6.93,22.87,88449,https://s3-us-west-2.amazonaws.com/human-pangenomics/working/HPRC/NA21102/raw_data/nanopore/dorado0.6.0_sup4.3.0_5mCG_5hmCG/10_17_23_R1041_HPRC_NA21102_2_dorado0.6.0_sup4.3.0_5mCG_5hmCG.bam
NA21106,10_24_23_R1041_HPRC_NA21106_1_dorado0.6.0_sup4.3.0_5mCG_5hmCG.bam,20.94,69.11,52561,https://s3-us-west-2.amazonaws.com/human-pangenomics/working/HPRC/NA21106/raw_data/nanopore/dorado0.6.0_sup4.3.0_5mCG_5hmCG/10_24_23_R1041_HPRC_NA21106_1_dorado0.6.0_sup4.3.0_5mCG_5hmCG.bam
NA21106,10_24_23_R1041_HPRC_NA21106_4_dorado0.6.0_sup4.3.0_5mCG_5hmCG.bam,5.32,17.57,67897,https://s3-us-west-2.amazonaws.com/human-pangenomics/working/HPRC/NA21106/raw_data/nanopore/dorado0.6.0_sup4.3.0_5mCG_5hmCG/10_24_23_R1041_HPRC_NA21106_4_dorado0.6.0_sup4.3.0_5mCG_5hmCG.bam
NA21106,10_24_23_R1041_HPRC_NA21106_2_dorado0.6.0_sup4.3.0_5mCG_5hmCG.bam,24.08,79.48,63732,https://s3-us-west-2.amazonaws.com/human-pangenomics/working/HPRC/NA21106/raw_data/nanopore/dorado0.6.0_sup4.3.0_5mCG_5hmCG/10_24_23_R1041_HPRC_NA21106_2_dorado0.6.0_sup4.3.0_5mCG_5hmCG.bam
NA21106,10_24_23_R1041_HPRC_NA21106_3_dorado0.6.0_sup4.3.0_5mCG_5hmCG.bam,27.32,90.17,62578,https://s3-us-west-2.amazonaws.com/human-pangenomics/working/HPRC/NA21106/raw_data/nanopore/dorado0.6.0_sup4.3.0_5mCG_5hmCG/10_24_23_R1041_HPRC_NA21106_3_dorado0.6.0_sup4.3.0_5mCG_5hmCG.bam
NA21110,01_16_24_R1041_HPRC_NA21110_1_dorado0.6.0_sup4.3.0_5mCG_5hmCG.bam,26.17,86.36,91688,https://s3-us-west-2.amazonaws.com/human-pangenomics/working/HPRC/NA21110/raw_data/nanopore/dorado0.6.0_sup4.3.0_5mCG_5hmCG/01_16_24_R1041_HPRC_NA21110_1_dorado0.6.0_sup4.3.0_5mCG_5hmCG.bam
NA21110,01_16_24_R1041_HPRC_NA21110_3_dorado0.6.0_sup4.3.0_5mCG_5hmCG.bam,24.74,81.66,88119,https://s3-us-west-2.amazonaws.com/human-pangenomics/working/HPRC/NA21110/raw_data/nanopore/dorado0.6.0_sup4.3.0_5mCG_5hmCG/01_16_24_R1041_HPRC_NA21110_3_dorado0.6.0_sup4.3.0_5mCG_5hmCG.bam
NA21110,01_16_24_R1041_HPRC_NA21110_2_dorado0.6.0_sup4.3.0_5mCG_5hmCG.bam,30.01,99.04,87821,https://s3-us-west-2.amazonaws.com/human-pangenomics/working/HPRC/NA21110/raw_data/nanopore/dorado0.6.0_sup4.3.0_5mCG_5hmCG/01_16_24_R1041_HPRC_NA21110_2_dorado0.6.0_sup4.3.0_5mCG_5hmCG.bam
NA21144,12_05_23_R1041_HPRC_NA21144_1_dorado0.6.0_sup4.3.0_5mCG_5hmCG.bam,10.12,33.38,74092,https://s3-us-west-2.amazonaws.com/human-pangenomics/working/HPRC/NA21144/raw_data/nanopore/dorado0.6.0_sup4.3.0_5mCG_5hmCG/12_05_23_R1041_HPRC_NA21144_1_dorado0.6.0_sup4.3.0_5mCG_5hmCG.bam
NA21144,01_23_24_R1041_HPRC_NA21144_1_dorado0.6.0_sup4.3.0_5mCG_5hmCG.bam,21.7,71.62,106582,https://s3-us-west-2.amazonaws.com/human-pangenomics/working/HPRC/NA21144/raw_data/nanopore/dorado0.6.0_sup4.3.0_5mCG_5hmCG/01_23_24_R1041_HPRC_NA21144_1_dorado0.6.0_sup4.3.0_5mCG_5hmCG.bam
NA21144,12_05_23_R1041_HPRC_NA21144_2_dorado0.6.0_sup4.3.0_5mCG_5hmCG.bam,13.14,43.35,66827,https://s3-us-west-2.amazonaws.com/human-pangenomics/working/HPRC/NA21144/raw_data/nanopore/dorado0.6.0_sup4.3.0_5mCG_5hmCG/12_05_23_R1041_HPRC_NA21144_2_dorado0.6.0_sup4.3.0_5mCG_5hmCG.bam
NA21144,01_23_24_R1041_HPRC_NA21144_2_dorado0.6.0_sup4.3.0_5mCG_5hmCG.bam,21.67,71.51,108089,https://s3-us-west-2.amazonaws.com/human-pangenomics/working/HPRC/NA21144/raw_data/nanopore/dorado0.6.0_sup4.3.0_5mCG_5hmCG/01_23_24_R1041_HPRC_NA21144_2_dorado0.6.0_sup4.3.0_5mCG_5hmCG.bam
NA21144,12_05_23_R1041_HPRC_NA21144_3_dorado0.6.0_sup4.3.0_5mCG_5hmCG.bam,12.4,40.92,77041,https://s3-us-west-2.amazonaws.com/human-pangenomics/working/HPRC/NA21144/raw_data/nanopore/dorado0.6.0_sup4.3.0_5mCG_5hmCG/12_05_23_R1041_HPRC_NA21144_3_dorado0.6.0_sup4.3.0_5mCG_5hmCG.bam
NA21309,02_22_23_R1041_NA21309_1_dorado0.7.2_sup4.1.0_5mCG_5hmCG.bam,29.4,97.03,87919,https://s3-us-west-2.amazonaws.com/human-pangenomics/working/HPRC_PLUS/NA21309/raw_data/nanopore/dorado0.7.2_sup4.1.0_5mCG_5hmCG/02_22_23_R1041_NA21309_1_dorado0.7.2_sup4.1.0_5mCG_5hmCG.bam
NA21309,02_22_23_R1041_NA21309_2_dorado0.7.2_sup4.1.0_5mCG_5hmCG.bam,20.8,68.65,83591,https://s3-us-west-2.amazonaws.com/human-pangenomics/working/HPRC_PLUS/NA21309/raw_data/nanopore/dorado0.7.2_sup4.1.0_5mCG_5hmCG/02_22_23_R1041_NA21309_2_dorado0.7.2_sup4.1.0_5mCG_5hmCG.bam
NA21309,02_22_23_R1041_NA21309_3_dorado0.7.2_sup4.1.0_5mCG_5hmCG.bam,22.86,75.43,79583,https://s3-us-west-2.amazonaws.com/human-pangenomics/working/HPRC_PLUS/NA21309/raw_data/nanopore/dorado0.7.2_sup4.1.0_5mCG_5hmCG/02_22_23_R1041_NA21309_3_dorado0.7.2_sup4.1.0_5mCG_5hmCG.bam
