sample_id	filename	coverage	total_gbp	download_url	s3_path	filetype	instrument_model	read_length
HG00097	HG00097.final.cram	36.84	114.2	https://s3-us-west-2.amazonaws.com/human-pangenomics/working/HPRC/HG00097/raw_data/Illumina/child/HG00097.final.cram	s3://human-pangenomics/working/HPRC/HG00097/raw_data/Illumina/child/HG00097.final.cram	cram	Illumina NovaSeq 6000	150
HG00099	HG00099.final.cram	41.5	128.6	https://s3-us-west-2.amazonaws.com/human-pangenomics/working/HPRC/HG00099/raw_data/Illumina/child/HG00099.final.cram	s3://human-pangenomics/working/HPRC/HG00099/raw_data/Illumina/child/HG00099.final.cram	cram	Illumina NovaSeq 6000	150
HG00126	HG00126.final.cram	45.04	139.6	https://s3-us-west-2.amazonaws.com/human-pangenomics/working/HPRC/HG00126/raw_data/Illumina/child/HG00126.final.cram	s3://human-pangenomics/working/HPRC/HG00126/raw_data/Illumina/child/HG00126.final.cram	cram	Illumina NovaSeq 6000	150
HG00128	HG00128.final.cram	47.57	147.5	https://s3-us-west-2.amazonaws.com/human-pangenomics/working/HPRC/HG00128/raw_data/Illumina/child/HG00128.final.cram	s3://human-pangenomics/working/HPRC/HG00128/raw_data/Illumina/child/HG00128.final.cram	cram	Illumina NovaSeq 6000	150
HG00133	HG00133.final.cram	54.96	170.4	https://s3-us-west-2.amazonaws.com/human-pangenomics/working/HPRC/HG00133/raw_data/Illumina/child/HG00133.final.cram	s3://human-pangenomics/working/HPRC/HG00133/raw_data/Illumina/child/HG00133.final.cram	cram	Illumina NovaSeq 6000	150
HG00140	HG00140.final.cram	36.68	113.7	https://s3-us-west-2.amazonaws.com/human-pangenomics/working/HPRC/HG00140/raw_data/Illumina/child/HG00140.final.cram	s3://human-pangenomics/working/HPRC/HG00140/raw_data/Illumina/child/HG00140.final.cram	cram	Illumina NovaSeq 6000	150
HG00146	HG00146.final.cram	47.45	147.1	https://s3-us-west-2.amazonaws.com/human-pangenomics/working/HPRC/HG00146/raw_data/Illumina/child/HG00146.final.cram	s3://human-pangenomics/working/HPRC/HG00146/raw_data/Illumina/child/HG00146.final.cram	cram	Illumina NovaSeq 6000	150
HG002	HG002.novaseq.pcr-free.30x.R1.fastq.gz	17.33	53.7	https://s3-us-west-2.amazonaws.com/human-pangenomics/working/HPRC_PLUS/HG002/raw_data/Illumina/child/HG002.novaseq.pcr-free.30x.R1.fastq.gz	s3://human-pangenomics/working/HPRC_PLUS/HG002/raw_data/Illumina/child/HG002.novaseq.pcr-free.30x.R1.fastq.gz	fastq	Illumina NovaSeq 6000	150
HG002	HG002.novaseq.pcr-free.30x.R2.fastq.gz	17.33	53.7	https://s3-us-west-2.amazonaws.com/human-pangenomics/working/HPRC_PLUS/HG002/raw_data/Illumina/child/HG002.novaseq.pcr-free.30x.R2.fastq.gz	s3://human-pangenomics/working/HPRC_PLUS/HG002/raw_data/Illumina/child/HG002.novaseq.pcr-free.30x.R2.fastq.gz	fastq	Illumina NovaSeq 6000	150
HG00232	HG00232.final.cram	61.31	190.1	https://s3-us-west-2.amazonaws.com/human-pangenomics/working/HPRC/HG00232/raw_data/Illumina/child/HG00232.final.cram	s3://human-pangenomics/working/HPRC/HG00232/raw_data/Illumina/child/HG00232.final.cram	cram	Illumina NovaSeq 6000	150
HG00235	HG00235.final.cram	41.08	127.4	https://s3-us-west-2.amazonaws.com/human-pangenomics/working/HPRC/HG00235/raw_data/Illumina/child/HG00235.final.cram	s3://human-pangenomics/working/HPRC/HG00235/raw_data/Illumina/child/HG00235.final.cram	cram	Illumina NovaSeq 6000	150
HG00253	HG00253.final.cram	39.75	123.2	https://s3-us-west-2.amazonaws.com/human-pangenomics/working/HPRC/HG00253/raw_data/Illumina/child/HG00253.final.cram	s3://human-pangenomics/working/HPRC/HG00253/raw_data/Illumina/child/HG00253.final.cram	cram	Illumina NovaSeq 6000	150
HG00272	HG00272.final.cram	49.34	153.0	https://s3-us-west-2.amazonaws.com/human-pangenomics/working/HPRC/HG00272/raw_data/Illumina/child/HG00272.final.cram	s3://human-pangenomics/working/HPRC/HG00272/raw_data/Illumina/child/HG00272.final.cram	cram	Illumina NovaSeq 6000	150
HG00280	HG00280.final.cram	39.93	123.8	https://s3-us-west-2.amazonaws.com/human-pangenomics/working/HPRC/HG00280/raw_data/Illumina/child/HG00280.final.cram	s3://human-pangenomics/working/HPRC/HG00280/raw_data/Illumina/child/HG00280.final.cram	cram	Illumina NovaSeq 6000	150
HG00290	HG00290.final.cram	48.42	150.1	https://s3-us-west-2.amazonaws.com/human-pangenomics/working/HPRC/HG00290/raw_data/Illumina/child/HG00290.final.cram	s3://human-pangenomics/working/HPRC/HG00290/raw_data/Illumina/child/HG00290.final.cram	cram	Illumina NovaSeq 6000	150
HG00320	HG00320.final.cram	42.72	132.4	https://s3-us-west-2.amazonaws.com/human-pangenomics/working/HPRC/HG00320/raw_data/Illumina/child/HG00320.final.cram	s3://human-pangenomics/working/HPRC/HG00320/raw_data/Illumina/child/HG00320.final.cram	cram	Illumina NovaSeq 6000	150
HG00321	HG00321.final.cram	60.18	186.5	https://s3-us-west-2.amazonaws.com/human-pangenomics/working/HPRC/HG00321/raw_data/Illumina/child/HG00321.final.cram	s3://human-pangenomics/working/HPRC/HG00321/raw_data/Illumina/child/HG00321.final.cram	cram	Illumina NovaSeq 6000	150
HG00323	HG00323.final.cram	33.27	103.1	https://s3-us-west-2.amazonaws.com/human-pangenomics/working/HPRC/HG00323/raw_data/Illumina/child/HG00323.final.cram	s3://human-pangenomics/working/HPRC/HG00323/raw_data/Illumina/child/HG00323.final.cram	cram	Illumina NovaSeq 6000	150
HG00329	HG00329.final.cram	38.56	119.5	https://s3-us-west-2.amazonaws.com/human-pangenomics/working/HPRC/HG00329/raw_data/Illumina/child/HG00329.final.cram	s3://human-pangenomics/working/HPRC/HG00329/raw_data/Illumina/child/HG00329.final.cram	cram	Illumina NovaSeq 6000	150
HG00344	HG00344.final.cram	37.28	115.6	https://s3-us-west-2.amazonaws.com/human-pangenomics/working/HPRC/HG00344/raw_data/Illumina/child/HG00344.final.cram	s3://human-pangenomics/working/HPRC/HG00344/raw_data/Illumina/child/HG00344.final.cram	cram	Illumina NovaSeq 6000	150
HG00350	HG00350.final.cram	51.48	159.6	https://s3-us-west-2.amazonaws.com/human-pangenomics/working/HPRC/HG00350/raw_data/Illumina/child/HG00350.final.cram	s3://human-pangenomics/working/HPRC/HG00350/raw_data/Illumina/child/HG00350.final.cram	cram	Illumina NovaSeq 6000	150
HG00408	HG00408.final.cram	36.58	113.4	https://s3-us-west-2.amazonaws.com/human-pangenomics/working/HPRC/HG00408/raw_data/Illumina/child/HG00408.final.cram	s3://human-pangenomics/working/HPRC/HG00408/raw_data/Illumina/child/HG00408.final.cram	cram	Illumina NovaSeq 6000	150
HG00423	HG00423.final.cram	36.57	113.4	https://s3-us-west-2.amazonaws.com/human-pangenomics/working/HPRC/HG00423/raw_data/Illumina/child/HG00423.final.cram	s3://human-pangenomics/working/HPRC/HG00423/raw_data/Illumina/child/HG00423.final.cram	cram	Illumina NovaSeq 6000	150
HG00438	HG00438.final.cram	36.29	112.5	https://s3-us-west-2.amazonaws.com/human-pangenomics/working/HPRC/HG00438/raw_data/Illumina/child/HG00438.final.cram	s3://human-pangenomics/working/HPRC/HG00438/raw_data/Illumina/child/HG00438.final.cram	cram	Illumina NovaSeq 6000	150
HG005	HG005.novaseq.pcr-free.30x.R1.fastq.gz	17.68	54.8	https://s3-us-west-2.amazonaws.com/human-pangenomics/working/HPRC_PLUS/HG005/raw_data/Illumina/child/HG005.novaseq.pcr-free.30x.R1.fastq.gz	s3://human-pangenomics/working/HPRC_PLUS/HG005/raw_data/Illumina/child/HG005.novaseq.pcr-free.30x.R1.fastq.gz	fastq	Illumina NovaSeq 6000	150
HG005	HG005.novaseq.pcr-free.30x.R2.fastq.gz	17.68	54.8	https://s3-us-west-2.amazonaws.com/human-pangenomics/working/HPRC_PLUS/HG005/raw_data/Illumina/child/HG005.novaseq.pcr-free.30x.R2.fastq.gz	s3://human-pangenomics/working/HPRC_PLUS/HG005/raw_data/Illumina/child/HG005.novaseq.pcr-free.30x.R2.fastq.gz	fastq	Illumina NovaSeq 6000	150
HG00544	HG00544.final.cram	35.58	110.3	https://s3-us-west-2.amazonaws.com/human-pangenomics/working/HPRC/HG00544/raw_data/Illumina/child/HG00544.final.cram	s3://human-pangenomics/working/HPRC/HG00544/raw_data/Illumina/child/HG00544.final.cram	cram	Illumina NovaSeq 6000	150
HG00558	HG00558.final.cram	35.25	109.3	https://s3-us-west-2.amazonaws.com/human-pangenomics/working/HPRC/HG00558/raw_data/Illumina/child/HG00558.final.cram	s3://human-pangenomics/working/HPRC/HG00558/raw_data/Illumina/child/HG00558.final.cram	cram	Illumina NovaSeq 6000	150
HG00597	HG00597.final.cram	35.96	111.5	https://s3-us-west-2.amazonaws.com/human-pangenomics/working/HPRC/HG00597/raw_data/Illumina/child/HG00597.final.cram	s3://human-pangenomics/working/HPRC/HG00597/raw_data/Illumina/child/HG00597.final.cram	cram	Illumina NovaSeq 6000	150
HG00609	HG00609.final.cram	37.42	116.0	https://s3-us-west-2.amazonaws.com/human-pangenomics/working/HPRC/HG00609/raw_data/Illumina/child/HG00609.final.cram	s3://human-pangenomics/working/HPRC/HG00609/raw_data/Illumina/child/HG00609.final.cram	cram	Illumina NovaSeq 6000	150
HG00621	HG00621.final.cram	35.11	108.8	https://s3-us-west-2.amazonaws.com/human-pangenomics/working/HPRC/HG00621/raw_data/Illumina/child/HG00621.final.cram	s3://human-pangenomics/working/HPRC/HG00621/raw_data/Illumina/child/HG00621.final.cram	cram	Illumina NovaSeq 6000	150
HG00639	HG00639.final.cram	33.32	103.3	https://s3-us-west-2.amazonaws.com/human-pangenomics/working/HPRC/HG00639/raw_data/Illumina/child/HG00639.final.cram	s3://human-pangenomics/working/HPRC/HG00639/raw_data/Illumina/child/HG00639.final.cram	cram	Illumina NovaSeq 6000	150
HG00642	HG00642.final.cram	37.26	115.5	https://s3-us-west-2.amazonaws.com/human-pangenomics/working/HPRC/HG00642/raw_data/Illumina/child/HG00642.final.cram	s3://human-pangenomics/working/HPRC/HG00642/raw_data/Illumina/child/HG00642.final.cram	cram	Illumina NovaSeq 6000	150
HG00658	HG00658.final.cram	35.66	110.6	https://s3-us-west-2.amazonaws.com/human-pangenomics/working/HPRC/HG00658/raw_data/Illumina/child/HG00658.final.cram	s3://human-pangenomics/working/HPRC/HG00658/raw_data/Illumina/child/HG00658.final.cram	cram	Illumina NovaSeq 6000	150
HG00673	HG00673.final.cram	34.22	106.1	https://s3-us-west-2.amazonaws.com/human-pangenomics/working/HPRC/HG00673/raw_data/Illumina/child/HG00673.final.cram	s3://human-pangenomics/working/HPRC/HG00673/raw_data/Illumina/child/HG00673.final.cram	cram	Illumina NovaSeq 6000	150
HG00706	HG00706.final.cram	36.79	114.1	https://s3-us-west-2.amazonaws.com/human-pangenomics/working/HPRC/HG00706/raw_data/Illumina/child/HG00706.final.cram	s3://human-pangenomics/working/HPRC/HG00706/raw_data/Illumina/child/HG00706.final.cram	cram	Illumina NovaSeq 6000	150
HG00733	HG00733.final.cram	34.03	112.3	https://s3-us-west-2.amazonaws.com/human-pangenomics/working/HPRC_PLUS/HG00733/raw_data/Illumina/child/HG00733.final.cram	s3://human-pangenomics/working/HPRC_PLUS/HG00733/raw_data/Illumina/child/HG00733.final.cram	cram	Illumina NovaSeq 6000	150
HG00735	HG00735.final.cram	35.09	108.8	https://s3-us-west-2.amazonaws.com/human-pangenomics/working/HPRC/HG00735/raw_data/Illumina/child/HG00735.final.cram	s3://human-pangenomics/working/HPRC/HG00735/raw_data/Illumina/child/HG00735.final.cram	cram	Illumina NovaSeq 6000	150
HG00738	HG00738.final.cram	37.06	114.9	https://s3-us-west-2.amazonaws.com/human-pangenomics/working/HPRC/HG00738/raw_data/Illumina/child/HG00738.final.cram	s3://human-pangenomics/working/HPRC/HG00738/raw_data/Illumina/child/HG00738.final.cram	cram	Illumina NovaSeq 6000	150
HG00741	HG00741.final.cram	37.4	115.9	https://s3-us-west-2.amazonaws.com/human-pangenomics/working/HPRC/HG00741/raw_data/Illumina/child/HG00741.final.cram	s3://human-pangenomics/working/HPRC/HG00741/raw_data/Illumina/child/HG00741.final.cram	cram	Illumina NovaSeq 6000	150
HG01071	HG01071.final.cram	37.31	115.7	https://s3-us-west-2.amazonaws.com/human-pangenomics/working/HPRC/HG01071/raw_data/Illumina/child/HG01071.final.cram	s3://human-pangenomics/working/HPRC/HG01071/raw_data/Illumina/child/HG01071.final.cram	cram	Illumina NovaSeq 6000	150
HG01074	HG01074.final.cram	35.95	111.4	https://s3-us-west-2.amazonaws.com/human-pangenomics/working/HPRC/HG01074/raw_data/Illumina/child/HG01074.final.cram	s3://human-pangenomics/working/HPRC/HG01074/raw_data/Illumina/child/HG01074.final.cram	cram	Illumina NovaSeq 6000	150
HG01081	HG01081.final.cram	37.06	114.9	https://s3-us-west-2.amazonaws.com/human-pangenomics/working/HPRC/HG01081/raw_data/Illumina/child/HG01081.final.cram	s3://human-pangenomics/working/HPRC/HG01081/raw_data/Illumina/child/HG01081.final.cram	cram	Illumina NovaSeq 6000	150
HG01099	HG01099.final.cram	39.71	123.1	https://s3-us-west-2.amazonaws.com/human-pangenomics/working/HPRC/HG01099/raw_data/Illumina/child/HG01099.final.cram	s3://human-pangenomics/working/HPRC/HG01099/raw_data/Illumina/child/HG01099.final.cram	cram	Illumina NovaSeq 6000	150
HG01106	HG01106.final.cram	36.86	114.3	https://s3-us-west-2.amazonaws.com/human-pangenomics/working/HPRC/HG01106/raw_data/Illumina/child/HG01106.final.cram	s3://human-pangenomics/working/HPRC/HG01106/raw_data/Illumina/child/HG01106.final.cram	cram	Illumina NovaSeq 6000	150
HG01109	HG01109.final.cram	34.91	115.2	https://s3-us-west-2.amazonaws.com/human-pangenomics/working/HPRC_PLUS/HG01109/raw_data/Illumina/child/HG01109.final.cram	s3://human-pangenomics/working/HPRC_PLUS/HG01109/raw_data/Illumina/child/HG01109.final.cram	cram	Illumina NovaSeq 6000	150
HG01123	HG01123-111121_S1_L001_R1_001.fastq.gz	39.8	123.4	https://s3-us-west-2.amazonaws.com/human-pangenomics/working/HPRC/HG01123/raw_data/Illumina/child/HG01123-111121_S1_L001_R1_001.fastq.gz	s3://human-pangenomics/working/HPRC/HG01123/raw_data/Illumina/child/HG01123-111121_S1_L001_R1_001.fastq.gz	fastq	Illumina NovaSeq 6000	150
HG01123	HG01123-111121_S1_L001_R2_001.fastq.gz	39.8	123.4	https://s3-us-west-2.amazonaws.com/human-pangenomics/working/HPRC/HG01123/raw_data/Illumina/child/HG01123-111121_S1_L001_R2_001.fastq.gz	s3://human-pangenomics/working/HPRC/HG01123/raw_data/Illumina/child/HG01123-111121_S1_L001_R2_001.fastq.gz	fastq	Illumina NovaSeq 6000	150
HG01150	HG01150.final.cram	37.93	117.6	https://s3-us-west-2.amazonaws.com/human-pangenomics/working/HPRC/HG01150/raw_data/Illumina/child/HG01150.final.cram	s3://human-pangenomics/working/HPRC/HG01150/raw_data/Illumina/child/HG01150.final.cram	cram	Illumina NovaSeq 6000	150
HG01167	HG01167.final.cram	50.27	155.8	https://s3-us-west-2.amazonaws.com/human-pangenomics/working/HPRC/HG01167/raw_data/Illumina/child/HG01167.final.cram	s3://human-pangenomics/working/HPRC/HG01167/raw_data/Illumina/child/HG01167.final.cram	cram	Illumina NovaSeq 6000	150
HG01175	HG01175.final.cram	34.96	108.4	https://s3-us-west-2.amazonaws.com/human-pangenomics/working/HPRC/HG01175/raw_data/Illumina/child/HG01175.final.cram	s3://human-pangenomics/working/HPRC/HG01175/raw_data/Illumina/child/HG01175.final.cram	cram	Illumina NovaSeq 6000	150
HG01192	HG01192.final.cram	33.85	104.9	https://s3-us-west-2.amazonaws.com/human-pangenomics/working/HPRC/HG01192/raw_data/Illumina/child/HG01192.final.cram	s3://human-pangenomics/working/HPRC/HG01192/raw_data/Illumina/child/HG01192.final.cram	cram	Illumina NovaSeq 6000	150
HG01243	HG01243.final.cram	32.67	107.8	https://s3-us-west-2.amazonaws.com/human-pangenomics/working/HPRC_PLUS/HG01243/raw_data/Illumina/child/HG01243.final.cram	s3://human-pangenomics/working/HPRC_PLUS/HG01243/raw_data/Illumina/child/HG01243.final.cram	cram	Illumina NovaSeq 6000	150
HG01252	HG01252.final.cram	37.5	116.3	https://s3-us-west-2.amazonaws.com/human-pangenomics/working/HPRC/HG01252/raw_data/Illumina/child/HG01252.final.cram	s3://human-pangenomics/working/HPRC/HG01252/raw_data/Illumina/child/HG01252.final.cram	cram	Illumina NovaSeq 6000	150
HG01255	HG01255.final.cram	37.61	116.6	https://s3-us-west-2.amazonaws.com/human-pangenomics/working/HPRC/HG01255/raw_data/Illumina/child/HG01255.final.cram	s3://human-pangenomics/working/HPRC/HG01255/raw_data/Illumina/child/HG01255.final.cram	cram	Illumina NovaSeq 6000	150
HG01258	HG01258.final.cram	37.17	115.2	https://s3-us-west-2.amazonaws.com/human-pangenomics/working/HPRC/HG01258/raw_data/Illumina/child/HG01258.final.cram	s3://human-pangenomics/working/HPRC/HG01258/raw_data/Illumina/child/HG01258.final.cram	cram	Illumina NovaSeq 6000	150
HG01261	HG01261.final.cram	37.13	115.1	https://s3-us-west-2.amazonaws.com/human-pangenomics/working/HPRC/HG01261/raw_data/Illumina/child/HG01261.final.cram	s3://human-pangenomics/working/HPRC/HG01261/raw_data/Illumina/child/HG01261.final.cram	cram	Illumina NovaSeq 6000	150
HG01346	HG01346.final.cram	36.92	114.4	https://s3-us-west-2.amazonaws.com/human-pangenomics/working/HPRC/HG01346/raw_data/Illumina/child/HG01346.final.cram	s3://human-pangenomics/working/HPRC/HG01346/raw_data/Illumina/child/HG01346.final.cram	cram	Illumina NovaSeq 6000	150
HG01358	HG01358.final.cram	38.25	118.6	https://s3-us-west-2.amazonaws.com/human-pangenomics/working/HPRC/HG01358/raw_data/Illumina/child/HG01358.final.cram	s3://human-pangenomics/working/HPRC/HG01358/raw_data/Illumina/child/HG01358.final.cram	cram	Illumina NovaSeq 6000	150
HG01361	HG01361.final.cram	38.14	118.2	https://s3-us-west-2.amazonaws.com/human-pangenomics/working/HPRC/HG01361/raw_data/Illumina/child/HG01361.final.cram	s3://human-pangenomics/working/HPRC/HG01361/raw_data/Illumina/child/HG01361.final.cram	cram	Illumina NovaSeq 6000	150
HG01433	HG01433.final.cram	38.77	120.2	https://s3-us-west-2.amazonaws.com/human-pangenomics/working/HPRC/HG01433/raw_data/Illumina/child/HG01433.final.cram	s3://human-pangenomics/working/HPRC/HG01433/raw_data/Illumina/child/HG01433.final.cram	cram	Illumina NovaSeq 6000	150
HG01496	HG01496.final.cram	34.29	106.3	https://s3-us-west-2.amazonaws.com/human-pangenomics/working/HPRC/HG01496/raw_data/Illumina/child/HG01496.final.cram	s3://human-pangenomics/working/HPRC/HG01496/raw_data/Illumina/child/HG01496.final.cram	cram	Illumina NovaSeq 6000	150
HG01530	HG01530.final.cram	35.42	109.8	https://s3-us-west-2.amazonaws.com/human-pangenomics/working/HPRC/HG01530/raw_data/Illumina/child/HG01530.final.cram	s3://human-pangenomics/working/HPRC/HG01530/raw_data/Illumina/child/HG01530.final.cram	cram	Illumina NovaSeq 6000	150
HG01784	HG01784.final.cram	35.17	109.0	https://s3-us-west-2.amazonaws.com/human-pangenomics/working/HPRC/HG01784/raw_data/Illumina/child/HG01784.final.cram	s3://human-pangenomics/working/HPRC/HG01784/raw_data/Illumina/child/HG01784.final.cram	cram	Illumina NovaSeq 6000	150
HG01786	HG01786.final.cram	57.26	177.5	https://s3-us-west-2.amazonaws.com/human-pangenomics/working/HPRC/HG01786/raw_data/Illumina/child/HG01786.final.cram	s3://human-pangenomics/working/HPRC/HG01786/raw_data/Illumina/child/HG01786.final.cram	cram	Illumina NovaSeq 6000	150
HG01884	HG01884.final.cram	37.73	117.0	https://s3-us-west-2.amazonaws.com/human-pangenomics/working/HPRC/HG01884/raw_data/Illumina/child/HG01884.final.cram	s3://human-pangenomics/working/HPRC/HG01884/raw_data/Illumina/child/HG01884.final.cram	cram	Illumina NovaSeq 6000	150
HG01891	HG01891.final.cram	36.83	114.2	https://s3-us-west-2.amazonaws.com/human-pangenomics/working/HPRC/HG01891/raw_data/Illumina/child/HG01891.final.cram	s3://human-pangenomics/working/HPRC/HG01891/raw_data/Illumina/child/HG01891.final.cram	cram	Illumina NovaSeq 6000	150
HG01928	HG01928.final.cram	38.32	118.8	https://s3-us-west-2.amazonaws.com/human-pangenomics/working/HPRC/HG01928/raw_data/Illumina/child/HG01928.final.cram	s3://human-pangenomics/working/HPRC/HG01928/raw_data/Illumina/child/HG01928.final.cram	cram	Illumina NovaSeq 6000	150
HG01934	HG01934.final.cram	39.22	121.6	https://s3-us-west-2.amazonaws.com/human-pangenomics/working/HPRC/HG01934/raw_data/Illumina/child/HG01934.final.cram	s3://human-pangenomics/working/HPRC/HG01934/raw_data/Illumina/child/HG01934.final.cram	cram	Illumina NovaSeq 6000	150
HG01940	HG01940.final.cram	37.31	115.7	https://s3-us-west-2.amazonaws.com/human-pangenomics/working/HPRC/HG01940/raw_data/Illumina/child/HG01940.final.cram	s3://human-pangenomics/working/HPRC/HG01940/raw_data/Illumina/child/HG01940.final.cram	cram	Illumina NovaSeq 6000	150
HG01943	HG01943.final.cram	35.67	110.6	https://s3-us-west-2.amazonaws.com/human-pangenomics/working/HPRC/HG01943/raw_data/Illumina/child/HG01943.final.cram	s3://human-pangenomics/working/HPRC/HG01943/raw_data/Illumina/child/HG01943.final.cram	cram	Illumina NovaSeq 6000	150
HG01952	HG01952.final.cram	36.69	113.7	https://s3-us-west-2.amazonaws.com/human-pangenomics/working/HPRC/HG01952/raw_data/Illumina/child/HG01952.final.cram	s3://human-pangenomics/working/HPRC/HG01952/raw_data/Illumina/child/HG01952.final.cram	cram	Illumina NovaSeq 6000	150
HG01960	HG01960.final.cram	39.06	121.1	https://s3-us-west-2.amazonaws.com/human-pangenomics/working/HPRC/HG01960/raw_data/Illumina/child/HG01960.final.cram	s3://human-pangenomics/working/HPRC/HG01960/raw_data/Illumina/child/HG01960.final.cram	cram	Illumina NovaSeq 6000	150
HG01969	HG01969.final.cram	37.98	117.7	https://s3-us-west-2.amazonaws.com/human-pangenomics/working/HPRC/HG01969/raw_data/Illumina/child/HG01969.final.cram	s3://human-pangenomics/working/HPRC/HG01969/raw_data/Illumina/child/HG01969.final.cram	cram	Illumina NovaSeq 6000	150
HG01975	HG01975.final.cram	38.54	119.5	https://s3-us-west-2.amazonaws.com/human-pangenomics/working/HPRC/HG01975/raw_data/Illumina/child/HG01975.final.cram	s3://human-pangenomics/working/HPRC/HG01975/raw_data/Illumina/child/HG01975.final.cram	cram	Illumina NovaSeq 6000	150
HG01978	HG01978.final.cram	40.31	125.0	https://s3-us-west-2.amazonaws.com/human-pangenomics/working/HPRC/HG01978/raw_data/Illumina/child/HG01978.final.cram	s3://human-pangenomics/working/HPRC/HG01978/raw_data/Illumina/child/HG01978.final.cram	cram	Illumina NovaSeq 6000	150
HG01981	HG01981.final.cram	36.75	113.9	https://s3-us-west-2.amazonaws.com/human-pangenomics/working/HPRC/HG01981/raw_data/Illumina/child/HG01981.final.cram	s3://human-pangenomics/working/HPRC/HG01981/raw_data/Illumina/child/HG01981.final.cram	cram	Illumina NovaSeq 6000	150
HG01993	HG01993.final.cram	36.57	113.4	https://s3-us-west-2.amazonaws.com/human-pangenomics/working/HPRC/HG01993/raw_data/Illumina/child/HG01993.final.cram	s3://human-pangenomics/working/HPRC/HG01993/raw_data/Illumina/child/HG01993.final.cram	cram	Illumina NovaSeq 6000	150
HG02004	HG02004.final.cram	37.26	115.5	https://s3-us-west-2.amazonaws.com/human-pangenomics/working/HPRC/HG02004/raw_data/Illumina/child/HG02004.final.cram	s3://human-pangenomics/working/HPRC/HG02004/raw_data/Illumina/child/HG02004.final.cram	cram	Illumina NovaSeq 6000	150
HG02015	HG02015.final.cram	38.15	118.3	https://s3-us-west-2.amazonaws.com/human-pangenomics/working/HPRC/HG02015/raw_data/Illumina/child/HG02015.final.cram	s3://human-pangenomics/working/HPRC/HG02015/raw_data/Illumina/child/HG02015.final.cram	cram	Illumina NovaSeq 6000	150
HG02027	HG02027.final.cram	37.43	116.0	https://s3-us-west-2.amazonaws.com/human-pangenomics/working/HPRC/HG02027/raw_data/Illumina/child/HG02027.final.cram	s3://human-pangenomics/working/HPRC/HG02027/raw_data/Illumina/child/HG02027.final.cram	cram	Illumina NovaSeq 6000	150
HG02040	HG02040.final.cram	36.62	113.5	https://s3-us-west-2.amazonaws.com/human-pangenomics/working/HPRC/HG02040/raw_data/Illumina/child/HG02040.final.cram	s3://human-pangenomics/working/HPRC/HG02040/raw_data/Illumina/child/HG02040.final.cram	cram	Illumina NovaSeq 6000	150
HG02055	HG02055.final.cram	34.7	114.6	https://s3-us-west-2.amazonaws.com/human-pangenomics/working/HPRC_PLUS/HG02055/raw_data/Illumina/child/HG02055.final.cram	s3://human-pangenomics/working/HPRC_PLUS/HG02055/raw_data/Illumina/child/HG02055.final.cram	cram	Illumina NovaSeq 6000	150
HG02056	HG02056.final.cram	35.74	110.8	https://s3-us-west-2.amazonaws.com/human-pangenomics/working/HPRC/HG02056/raw_data/Illumina/child/HG02056.final.cram	s3://human-pangenomics/working/HPRC/HG02056/raw_data/Illumina/child/HG02056.final.cram	cram	Illumina NovaSeq 6000	150
HG02071	HG02071.final.cram	38.53	119.5	https://s3-us-west-2.amazonaws.com/human-pangenomics/working/HPRC/HG02071/raw_data/Illumina/child/HG02071.final.cram	s3://human-pangenomics/working/HPRC/HG02071/raw_data/Illumina/child/HG02071.final.cram	cram	Illumina NovaSeq 6000	150
HG02074	HG02074.final.cram	46.03	142.7	https://s3-us-west-2.amazonaws.com/human-pangenomics/working/HPRC/HG02074/raw_data/Illumina/child/HG02074.final.cram	s3://human-pangenomics/working/HPRC/HG02074/raw_data/Illumina/child/HG02074.final.cram	cram	Illumina NovaSeq 6000	150
HG02080	HG02080.final.cram	35.0	115.6	https://s3-us-west-2.amazonaws.com/human-pangenomics/working/HPRC_PLUS/HG02080/raw_data/Illumina/child/HG02080.final.cram	s3://human-pangenomics/working/HPRC_PLUS/HG02080/raw_data/Illumina/child/HG02080.final.cram	cram	Illumina NovaSeq 6000	150
HG02083	HG02083.final.cram	36.95	114.5	https://s3-us-west-2.amazonaws.com/human-pangenomics/working/HPRC/HG02083/raw_data/Illumina/child/HG02083.final.cram	s3://human-pangenomics/working/HPRC/HG02083/raw_data/Illumina/child/HG02083.final.cram	cram	Illumina NovaSeq 6000	150
HG02129	HG02129.final.cram	38.06	118.0	https://s3-us-west-2.amazonaws.com/human-pangenomics/working/HPRC/HG02129/raw_data/Illumina/child/HG02129.final.cram	s3://human-pangenomics/working/HPRC/HG02129/raw_data/Illumina/child/HG02129.final.cram	cram	Illumina NovaSeq 6000	150
HG02132	HG02132.final.cram	37.13	115.1	https://s3-us-west-2.amazonaws.com/human-pangenomics/working/HPRC/HG02132/raw_data/Illumina/child/HG02132.final.cram	s3://human-pangenomics/working/HPRC/HG02132/raw_data/Illumina/child/HG02132.final.cram	cram	Illumina NovaSeq 6000	150
HG02135	HG02135.final.cram	38.0	117.8	https://s3-us-west-2.amazonaws.com/human-pangenomics/working/HPRC/HG02135/raw_data/Illumina/child/HG02135.final.cram	s3://human-pangenomics/working/HPRC/HG02135/raw_data/Illumina/child/HG02135.final.cram	cram	Illumina NovaSeq 6000	150
HG02145	HG02145.final.cram	34.09	112.6	https://s3-us-west-2.amazonaws.com/human-pangenomics/working/HPRC_PLUS/HG02145/raw_data/Illumina/child/HG02145.final.cram	s3://human-pangenomics/working/HPRC_PLUS/HG02145/raw_data/Illumina/child/HG02145.final.cram	cram	Illumina NovaSeq 6000	150
HG02148	HG02148.final.cram	38.37	118.9	https://s3-us-west-2.amazonaws.com/human-pangenomics/working/HPRC/HG02148/raw_data/Illumina/child/HG02148.final.cram	s3://human-pangenomics/working/HPRC/HG02148/raw_data/Illumina/child/HG02148.final.cram	cram	Illumina NovaSeq 6000	150
HG02155	HG02155.final.cram	33.8	104.8	https://s3-us-west-2.amazonaws.com/human-pangenomics/working/HPRC/HG02155/raw_data/Illumina/child/HG02155.final.cram	s3://human-pangenomics/working/HPRC/HG02155/raw_data/Illumina/child/HG02155.final.cram	cram	Illumina NovaSeq 6000	150
HG02165	HG02165.final.cram	36.41	112.9	https://s3-us-west-2.amazonaws.com/human-pangenomics/working/HPRC/HG02165/raw_data/Illumina/child/HG02165.final.cram	s3://human-pangenomics/working/HPRC/HG02165/raw_data/Illumina/child/HG02165.final.cram	cram	Illumina NovaSeq 6000	150
HG02178	HG02178.final.cram	35.69	110.6	https://s3-us-west-2.amazonaws.com/human-pangenomics/working/HPRC/HG02178/raw_data/Illumina/child/HG02178.final.cram	s3://human-pangenomics/working/HPRC/HG02178/raw_data/Illumina/child/HG02178.final.cram	cram	Illumina NovaSeq 6000	150
HG02257	HG02257.final.cram	37.58	116.5	https://s3-us-west-2.amazonaws.com/human-pangenomics/working/HPRC/HG02257/raw_data/Illumina/child/HG02257.final.cram	s3://human-pangenomics/working/HPRC/HG02257/raw_data/Illumina/child/HG02257.final.cram	cram	Illumina NovaSeq 6000	150
HG02258	HG02258.final.cram	36.73	113.9	https://s3-us-west-2.amazonaws.com/human-pangenomics/working/HPRC/HG02258/raw_data/Illumina/child/HG02258.final.cram	s3://human-pangenomics/working/HPRC/HG02258/raw_data/Illumina/child/HG02258.final.cram	cram	Illumina NovaSeq 6000	150
HG02273	HG02273.final.cram	35.55	110.2	https://s3-us-west-2.amazonaws.com/human-pangenomics/working/HPRC/HG02273/raw_data/Illumina/child/HG02273.final.cram	s3://human-pangenomics/working/HPRC/HG02273/raw_data/Illumina/child/HG02273.final.cram	cram	Illumina NovaSeq 6000	150
HG02280	HG02280.final.cram	39.44	122.3	https://s3-us-west-2.amazonaws.com/human-pangenomics/working/HPRC/HG02280/raw_data/Illumina/child/HG02280.final.cram	s3://human-pangenomics/working/HPRC/HG02280/raw_data/Illumina/child/HG02280.final.cram	cram	Illumina NovaSeq 6000	150
HG02293	HG02293.final.cram	36.27	112.4	https://s3-us-west-2.amazonaws.com/human-pangenomics/working/HPRC/HG02293/raw_data/Illumina/child/HG02293.final.cram	s3://human-pangenomics/working/HPRC/HG02293/raw_data/Illumina/child/HG02293.final.cram	cram	Illumina NovaSeq 6000	150
HG02300	HG02300.final.cram	37.86	117.4	https://s3-us-west-2.amazonaws.com/human-pangenomics/working/HPRC/HG02300/raw_data/Illumina/child/HG02300.final.cram	s3://human-pangenomics/working/HPRC/HG02300/raw_data/Illumina/child/HG02300.final.cram	cram	Illumina NovaSeq 6000	150
HG02391	HG02391.final.cram	34.77	107.8	https://s3-us-west-2.amazonaws.com/human-pangenomics/working/HPRC/HG02391/raw_data/Illumina/child/HG02391.final.cram	s3://human-pangenomics/working/HPRC/HG02391/raw_data/Illumina/child/HG02391.final.cram	cram	Illumina NovaSeq 6000	150
HG02392	HG02392.final.cram	35.91	111.3	https://s3-us-west-2.amazonaws.com/human-pangenomics/working/HPRC/HG02392/raw_data/Illumina/child/HG02392.final.cram	s3://human-pangenomics/working/HPRC/HG02392/raw_data/Illumina/child/HG02392.final.cram	cram	Illumina NovaSeq 6000	150
HG02451	HG02451.final.cram	37.64	116.7	https://s3-us-west-2.amazonaws.com/human-pangenomics/working/HPRC/HG02451/raw_data/Illumina/child/HG02451.final.cram	s3://human-pangenomics/working/HPRC/HG02451/raw_data/Illumina/child/HG02451.final.cram	cram	Illumina NovaSeq 6000	150
HG02486	HG02486-111121_S6_L002_R1_001.fastq.gz	24.95	77.4	https://s3-us-west-2.amazonaws.com/human-pangenomics/working/HPRC/HG02486/raw_data/Illumina/child/HG02486-111121_S6_L002_R1_001.fastq.gz	s3://human-pangenomics/working/HPRC/HG02486/raw_data/Illumina/child/HG02486-111121_S6_L002_R1_001.fastq.gz	fastq	Illumina NovaSeq 6000	150
HG02486	HG02486-111121_S6_L002_R2_001.fastq.gz	24.96	77.4	https://s3-us-west-2.amazonaws.com/human-pangenomics/working/HPRC/HG02486/raw_data/Illumina/child/HG02486-111121_S6_L002_R2_001.fastq.gz	s3://human-pangenomics/working/HPRC/HG02486/raw_data/Illumina/child/HG02486-111121_S6_L002_R2_001.fastq.gz	fastq	Illumina NovaSeq 6000	150
HG02514	HG02514.final.cram	39.46	122.3	https://s3-us-west-2.amazonaws.com/human-pangenomics/working/HPRC/HG02514/raw_data/Illumina/child/HG02514.final.cram	s3://human-pangenomics/working/HPRC/HG02514/raw_data/Illumina/child/HG02514.final.cram	cram	Illumina NovaSeq 6000	150
HG02523	HG02523.final.cram	36.25	112.4	https://s3-us-west-2.amazonaws.com/human-pangenomics/working/HPRC/HG02523/raw_data/Illumina/child/HG02523.final.cram	s3://human-pangenomics/working/HPRC/HG02523/raw_data/Illumina/child/HG02523.final.cram	cram	Illumina NovaSeq 6000	150
HG02559	HG02559-111121_S3_L001_R1_001.fastq.gz	12.68	39.3	https://s3-us-west-2.amazonaws.com/human-pangenomics/working/HPRC/HG02559/raw_data/Illumina/child/HG02559-111121_S3_L001_R1_001.fastq.gz	s3://human-pangenomics/working/HPRC/HG02559/raw_data/Illumina/child/HG02559-111121_S3_L001_R1_001.fastq.gz	fastq	Illumina NovaSeq 6000	150
HG02559	HG02559-111121_S3_L001_R2_001.fastq.gz	12.68	39.3	https://s3-us-west-2.amazonaws.com/human-pangenomics/working/HPRC/HG02559/raw_data/Illumina/child/HG02559-111121_S3_L001_R2_001.fastq.gz	s3://human-pangenomics/working/HPRC/HG02559/raw_data/Illumina/child/HG02559-111121_S3_L001_R2_001.fastq.gz	fastq	Illumina NovaSeq 6000	150
HG02559	HG02599_S18_L001_R1_001.fastq.gz	1.02	3.2	https://s3-us-west-2.amazonaws.com/human-pangenomics/working/HPRC/HG02559/raw_data/Illumina/child/HG02559_S18_L001_R1_001.fastq.gz	s3://human-pangenomics/working/HPRC/HG02559/raw_data/Illumina/child/HG02559_S18_L001_R1_001.fastq.gz	fastq	Illumina NovaSeq 6000	150
HG02559	HG02599_S18_L001_R2_001.fastq.gz	1.02	3.2	https://s3-us-west-2.amazonaws.com/human-pangenomics/working/HPRC/HG02559/raw_data/Illumina/child/HG02559_S18_L001_R2_001.fastq.gz	s3://human-pangenomics/working/HPRC/HG02559/raw_data/Illumina/child/HG02559_S18_L001_R2_001.fastq.gz	fastq	Illumina NovaSeq 6000	150
HG02559	HG02599_S18_L002_R1_001.fastq.gz	1.02	3.2	https://s3-us-west-2.amazonaws.com/human-pangenomics/working/HPRC/HG02559/raw_data/Illumina/child/HG02559_S18_L002_R1_001.fastq.gz	s3://human-pangenomics/working/HPRC/HG02559/raw_data/Illumina/child/HG02559_S18_L002_R1_001.fastq.gz	fastq	Illumina NovaSeq 6000	150
HG02559	HG02599_S18_L002_R2_001.fastq.gz	1.02	3.2	https://s3-us-west-2.amazonaws.com/human-pangenomics/working/HPRC/HG02559/raw_data/Illumina/child/HG02559_S18_L002_R2_001.fastq.gz	s3://human-pangenomics/working/HPRC/HG02559/raw_data/Illumina/child/HG02559_S18_L002_R2_001.fastq.gz	fastq	Illumina NovaSeq 6000	150
HG02559	HG02599_S18_L003_R1_001.fastq.gz	1.05	3.2	https://s3-us-west-2.amazonaws.com/human-pangenomics/working/HPRC/HG02559/raw_data/Illumina/child/HG02559_S18_L003_R1_001.fastq.gz	s3://human-pangenomics/working/HPRC/HG02559/raw_data/Illumina/child/HG02559_S18_L003_R1_001.fastq.gz	fastq	Illumina NovaSeq 6000	150
HG02559	HG02599_S18_L003_R2_001.fastq.gz	1.05	3.2	https://s3-us-west-2.amazonaws.com/human-pangenomics/working/HPRC/HG02559/raw_data/Illumina/child/HG02559_S18_L003_R2_001.fastq.gz	s3://human-pangenomics/working/HPRC/HG02559/raw_data/Illumina/child/HG02559_S18_L003_R2_001.fastq.gz	fastq	Illumina NovaSeq 6000	150
HG02559	HG02599_S18_L004_R1_001.fastq.gz	1.13	3.5	https://s3-us-west-2.amazonaws.com/human-pangenomics/working/HPRC/HG02559/raw_data/Illumina/child/HG02559_S18_L004_R1_001.fastq.gz	s3://human-pangenomics/working/HPRC/HG02559/raw_data/Illumina/child/HG02559_S18_L004_R1_001.fastq.gz	fastq	Illumina NovaSeq 6000	150
HG02559	HG02599_S18_L004_R2_001.fastq.gz	1.13	3.5	https://s3-us-west-2.amazonaws.com/human-pangenomics/working/HPRC/HG02559/raw_data/Illumina/child/HG02559_S18_L004_R2_001.fastq.gz	s3://human-pangenomics/working/HPRC/HG02559/raw_data/Illumina/child/HG02559_S18_L004_R2_001.fastq.gz	fastq	Illumina NovaSeq 6000	150
HG02572	HG02572.final.cram	36.6	113.5	https://s3-us-west-2.amazonaws.com/human-pangenomics/working/HPRC/HG02572/raw_data/Illumina/child/HG02572.final.cram	s3://human-pangenomics/working/HPRC/HG02572/raw_data/Illumina/child/HG02572.final.cram	cram	Illumina NovaSeq 6000	150
HG02583	HG02583.final.cram	46.15	143.1	https://s3-us-west-2.amazonaws.com/human-pangenomics/working/HPRC/HG02583/raw_data/Illumina/child/HG02583.final.cram	s3://human-pangenomics/working/HPRC/HG02583/raw_data/Illumina/child/HG02583.final.cram	cram	Illumina NovaSeq 6000	150
HG02602	HG02602.final.cram	38.55	119.5	https://s3-us-west-2.amazonaws.com/human-pangenomics/working/HPRC/HG02602/raw_data/Illumina/child/HG02602.final.cram	s3://human-pangenomics/working/HPRC/HG02602/raw_data/Illumina/child/HG02602.final.cram	cram	Illumina NovaSeq 6000	150
HG02615	HG02615.final.cram	39.15	121.4	https://s3-us-west-2.amazonaws.com/human-pangenomics/working/HPRC/HG02615/raw_data/Illumina/child/HG02615.final.cram	s3://human-pangenomics/working/HPRC/HG02615/raw_data/Illumina/child/HG02615.final.cram	cram	Illumina NovaSeq 6000	150
HG02622	HG02622.final.cram	39.24	121.7	https://s3-us-west-2.amazonaws.com/human-pangenomics/working/HPRC/HG02622/raw_data/Illumina/child/HG02622.final.cram	s3://human-pangenomics/working/HPRC/HG02622/raw_data/Illumina/child/HG02622.final.cram	cram	Illumina NovaSeq 6000	150
HG02630	HG02630.final.cram	39.8	123.4	https://s3-us-west-2.amazonaws.com/human-pangenomics/working/HPRC/HG02630/raw_data/Illumina/child/HG02630.final.cram	s3://human-pangenomics/working/HPRC/HG02630/raw_data/Illumina/child/HG02630.final.cram	cram	Illumina NovaSeq 6000	150
HG02647	HG02647.final.cram	40.3	124.9	https://s3-us-west-2.amazonaws.com/human-pangenomics/working/HPRC/HG02647/raw_data/Illumina/child/HG02647.final.cram	s3://human-pangenomics/working/HPRC/HG02647/raw_data/Illumina/child/HG02647.final.cram	cram	Illumina NovaSeq 6000	150
HG02668	HG02668.final.cram	34.38	106.6	https://s3-us-west-2.amazonaws.com/human-pangenomics/working/HPRC/HG02668/raw_data/Illumina/child/HG02668.final.cram	s3://human-pangenomics/working/HPRC/HG02668/raw_data/Illumina/child/HG02668.final.cram	cram	Illumina NovaSeq 6000	150
HG02698	HG02698.final.cram	35.75	110.8	https://s3-us-west-2.amazonaws.com/human-pangenomics/working/HPRC/HG02698/raw_data/Illumina/child/HG02698.final.cram	s3://human-pangenomics/working/HPRC/HG02698/raw_data/Illumina/child/HG02698.final.cram	cram	Illumina NovaSeq 6000	150
HG02717	HG02717.final.cram	38.68	119.9	https://s3-us-west-2.amazonaws.com/human-pangenomics/working/HPRC/HG02717/raw_data/Illumina/child/HG02717.final.cram	s3://human-pangenomics/working/HPRC/HG02717/raw_data/Illumina/child/HG02717.final.cram	cram	Illumina NovaSeq 6000	150
HG02723	HG02723.final.cram	36.42	120.3	https://s3-us-west-2.amazonaws.com/human-pangenomics/working/HPRC_PLUS/HG02723/raw_data/Illumina/child/HG02723.final.cram	s3://human-pangenomics/working/HPRC_PLUS/HG02723/raw_data/Illumina/child/HG02723.final.cram	cram	Illumina NovaSeq 6000	150
HG02735	HG02735.final.cram	39.12	121.3	https://s3-us-west-2.amazonaws.com/human-pangenomics/working/HPRC/HG02735/raw_data/Illumina/child/HG02735.final.cram	s3://human-pangenomics/working/HPRC/HG02735/raw_data/Illumina/child/HG02735.final.cram	cram	Illumina NovaSeq 6000	150
HG02738	HG02738.final.cram	44.89	139.2	https://s3-us-west-2.amazonaws.com/human-pangenomics/working/HPRC/HG02738/raw_data/Illumina/child/HG02738.final.cram	s3://human-pangenomics/working/HPRC/HG02738/raw_data/Illumina/child/HG02738.final.cram	cram	Illumina NovaSeq 6000	150
HG02809	HG02809.final.cram	37.42	116.0	https://s3-us-west-2.amazonaws.com/human-pangenomics/working/HPRC/HG02809/raw_data/Illumina/child/HG02809.final.cram	s3://human-pangenomics/working/HPRC/HG02809/raw_data/Illumina/child/HG02809.final.cram	cram	Illumina NovaSeq 6000	150
HG02818	HG02818.final.cram	35.39	116.9	https://s3-us-west-2.amazonaws.com/human-pangenomics/working/HPRC_PLUS/HG02818/raw_data/Illumina/child/HG02818.final.cram	s3://human-pangenomics/working/HPRC_PLUS/HG02818/raw_data/Illumina/child/HG02818.final.cram	cram	Illumina NovaSeq 6000	150
HG02841	HG02841.final.cram	37.58	116.5	https://s3-us-west-2.amazonaws.com/human-pangenomics/working/HPRC/HG02841/raw_data/Illumina/child/HG02841.final.cram	s3://human-pangenomics/working/HPRC/HG02841/raw_data/Illumina/child/HG02841.final.cram	cram	Illumina NovaSeq 6000	150
HG02886	HG02886.final.cram	40.81	126.5	https://s3-us-west-2.amazonaws.com/human-pangenomics/working/HPRC/HG02886/raw_data/Illumina/child/HG02886.final.cram	s3://human-pangenomics/working/HPRC/HG02886/raw_data/Illumina/child/HG02886.final.cram	cram	Illumina NovaSeq 6000	150
HG02922	HG02922.final.cram	34.9	108.2	https://s3-us-west-2.amazonaws.com/human-pangenomics/working/HPRC/HG02922/raw_data/Illumina/child/HG02922.final.cram	s3://human-pangenomics/working/HPRC/HG02922/raw_data/Illumina/child/HG02922.final.cram	cram	Illumina NovaSeq 6000	150
HG02965	HG02965.final.cram	37.22	115.4	https://s3-us-west-2.amazonaws.com/human-pangenomics/working/HPRC/HG02965/raw_data/Illumina/child/HG02965.final.cram	s3://human-pangenomics/working/HPRC/HG02965/raw_data/Illumina/child/HG02965.final.cram	cram	Illumina NovaSeq 6000	150
HG02976	HG02976.final.cram	36.84	114.2	https://s3-us-west-2.amazonaws.com/human-pangenomics/working/HPRC/HG02976/raw_data/Illumina/child/HG02976.final.cram	s3://human-pangenomics/working/HPRC/HG02976/raw_data/Illumina/child/HG02976.final.cram	cram	Illumina NovaSeq 6000	150
HG02984	HG02984.final.cram	39.41	122.2	https://s3-us-west-2.amazonaws.com/human-pangenomics/working/HPRC/HG02984/raw_data/Illumina/child/HG02984.final.cram	s3://human-pangenomics/working/HPRC/HG02984/raw_data/Illumina/child/HG02984.final.cram	cram	Illumina NovaSeq 6000	150
HG03017	HG03017.final.cram	38.0	117.8	https://s3-us-west-2.amazonaws.com/human-pangenomics/working/HPRC/HG03017/raw_data/Illumina/child/HG03017.final.cram	s3://human-pangenomics/working/HPRC/HG03017/raw_data/Illumina/child/HG03017.final.cram	cram	Illumina NovaSeq 6000	150
HG03041	HG03041.final.cram	36.22	112.3	https://s3-us-west-2.amazonaws.com/human-pangenomics/working/HPRC/HG03041/raw_data/Illumina/child/HG03041.final.cram	s3://human-pangenomics/working/HPRC/HG03041/raw_data/Illumina/child/HG03041.final.cram	cram	Illumina NovaSeq 6000	150
HG03050	HG03050.final.cram	35.54	110.2	https://s3-us-west-2.amazonaws.com/human-pangenomics/working/HPRC/HG03050/raw_data/Illumina/child/HG03050.final.cram	s3://human-pangenomics/working/HPRC/HG03050/raw_data/Illumina/child/HG03050.final.cram	cram	Illumina NovaSeq 6000	150
HG03098	HG03098.final.cram	34.03	112.3	https://s3-us-west-2.amazonaws.com/human-pangenomics/working/HPRC_PLUS/HG03098/raw_data/Illumina/child/HG03098.final.cram	s3://human-pangenomics/working/HPRC_PLUS/HG03098/raw_data/Illumina/child/HG03098.final.cram	cram	Illumina NovaSeq 6000	150
HG03130	HG03130.final.cram	48.01	148.8	https://s3-us-west-2.amazonaws.com/human-pangenomics/working/HPRC/HG03130/raw_data/Illumina/child/HG03130.final.cram	s3://human-pangenomics/working/HPRC/HG03130/raw_data/Illumina/child/HG03130.final.cram	cram	Illumina NovaSeq 6000	150
HG03139	HG03139.final.cram	38.95	120.8	https://s3-us-west-2.amazonaws.com/human-pangenomics/working/HPRC/HG03139/raw_data/Illumina/child/HG03139.final.cram	s3://human-pangenomics/working/HPRC/HG03139/raw_data/Illumina/child/HG03139.final.cram	cram	Illumina NovaSeq 6000	150
HG03195	HG03195.final.cram	36.28	112.5	https://s3-us-west-2.amazonaws.com/human-pangenomics/working/HPRC/HG03195/raw_data/Illumina/child/HG03195.final.cram	s3://human-pangenomics/working/HPRC/HG03195/raw_data/Illumina/child/HG03195.final.cram	cram	Illumina NovaSeq 6000	150
HG03209	HG03209.final.cram	35.79	111.0	https://s3-us-west-2.amazonaws.com/human-pangenomics/working/HPRC/HG03209/raw_data/Illumina/child/HG03209.final.cram	s3://human-pangenomics/working/HPRC/HG03209/raw_data/Illumina/child/HG03209.final.cram	cram	Illumina NovaSeq 6000	150
HG03225	HG03225.final.cram	36.02	111.7	https://s3-us-west-2.amazonaws.com/human-pangenomics/working/HPRC/HG03225/raw_data/Illumina/child/HG03225.final.cram	s3://human-pangenomics/working/HPRC/HG03225/raw_data/Illumina/child/HG03225.final.cram	cram	Illumina NovaSeq 6000	150
HG03239	HG03239.final.cram	34.35	106.5	https://s3-us-west-2.amazonaws.com/human-pangenomics/working/HPRC/HG03239/raw_data/Illumina/child/HG03239.final.cram	s3://human-pangenomics/working/HPRC/HG03239/raw_data/Illumina/child/HG03239.final.cram	cram	Illumina NovaSeq 6000	150
HG03270	HG03270.final.cram	61.15	189.6	https://s3-us-west-2.amazonaws.com/human-pangenomics/working/HPRC/HG03270/raw_data/Illumina/child/HG03270.final.cram	s3://human-pangenomics/working/HPRC/HG03270/raw_data/Illumina/child/HG03270.final.cram	cram	Illumina NovaSeq 6000	150
HG03369	HG03369.final.cram	44.77	138.8	https://s3-us-west-2.amazonaws.com/human-pangenomics/working/HPRC/HG03369/raw_data/Illumina/child/HG03369.final.cram	s3://human-pangenomics/working/HPRC/HG03369/raw_data/Illumina/child/HG03369.final.cram	cram	Illumina NovaSeq 6000	150
HG03453	HG03453.final.cram	35.39	109.7	https://s3-us-west-2.amazonaws.com/human-pangenomics/working/HPRC/HG03453/raw_data/Illumina/child/HG03453.final.cram	s3://human-pangenomics/working/HPRC/HG03453/raw_data/Illumina/child/HG03453.final.cram	cram	Illumina NovaSeq 6000	150
HG03470	HG03470.final.cram	38.84	120.4	https://s3-us-west-2.amazonaws.com/human-pangenomics/working/HPRC/HG03470/raw_data/Illumina/child/HG03470.final.cram	s3://human-pangenomics/working/HPRC/HG03470/raw_data/Illumina/child/HG03470.final.cram	cram	Illumina NovaSeq 6000	150
HG03471	HG03471-111121_S5_L002_R1_001.fastq.gz	18.93	58.7	https://s3-us-west-2.amazonaws.com/human-pangenomics/working/HPRC/HG03471/raw_data/Illumina/child/HG03471-111121_S5_L002_R1_001.fastq.gz	s3://human-pangenomics/working/HPRC/HG03471/raw_data/Illumina/child/HG03471-111121_S5_L002_R1_001.fastq.gz	fastq	Illumina NovaSeq 6000	150
HG03471	HG03471-111121_S5_L002_R2_001.fastq.gz	18.93	58.7	https://s3-us-west-2.amazonaws.com/human-pangenomics/working/HPRC/HG03471/raw_data/Illumina/child/HG03471-111121_S5_L002_R2_001.fastq.gz	s3://human-pangenomics/working/HPRC/HG03471/raw_data/Illumina/child/HG03471-111121_S5_L002_R2_001.fastq.gz	fastq	Illumina NovaSeq 6000	150
HG03486	HG03486.final.cram	34.85	115.0	https://s3-us-west-2.amazonaws.com/human-pangenomics/working/HPRC_PLUS/HG03486/raw_data/Illumina/child/HG03486.final.cram	s3://human-pangenomics/working/HPRC_PLUS/HG03486/raw_data/Illumina/child/HG03486.final.cram	cram	Illumina NovaSeq 6000	150
HG03516	HG03516.final.cram	33.41	103.6	https://s3-us-west-2.amazonaws.com/human-pangenomics/working/HPRC/HG03516/raw_data/Illumina/child/HG03516.final.cram	s3://human-pangenomics/working/HPRC/HG03516/raw_data/Illumina/child/HG03516.final.cram	cram	Illumina NovaSeq 6000	150
HG03521	HG03521.final.cram	37.35	115.8	https://s3-us-west-2.amazonaws.com/human-pangenomics/working/HPRC/HG03521/raw_data/Illumina/child/HG03521.final.cram	s3://human-pangenomics/working/HPRC/HG03521/raw_data/Illumina/child/HG03521.final.cram	cram	Illumina NovaSeq 6000	150
HG03540	HG03540.final.cram	39.56	122.6	https://s3-us-west-2.amazonaws.com/human-pangenomics/working/HPRC/HG03540/raw_data/Illumina/child/HG03540.final.cram	s3://human-pangenomics/working/HPRC/HG03540/raw_data/Illumina/child/HG03540.final.cram	cram	Illumina NovaSeq 6000	150
HG03579	HG03579.final.cram	35.09	108.8	https://s3-us-west-2.amazonaws.com/human-pangenomics/working/HPRC/HG03579/raw_data/Illumina/child/HG03579.final.cram	s3://human-pangenomics/working/HPRC/HG03579/raw_data/Illumina/child/HG03579.final.cram	cram	Illumina NovaSeq 6000	150
HG03583	HG03583.final.cram	35.93	111.4	https://s3-us-west-2.amazonaws.com/human-pangenomics/working/HPRC/HG03583/raw_data/Illumina/child/HG03583.final.cram	s3://human-pangenomics/working/HPRC/HG03583/raw_data/Illumina/child/HG03583.final.cram	cram	Illumina NovaSeq 6000	150
HG03654	HG03654.final.cram	36.16	112.1	https://s3-us-west-2.amazonaws.com/human-pangenomics/working/HPRC/HG03654/raw_data/Illumina/child/HG03654.final.cram	s3://human-pangenomics/working/HPRC/HG03654/raw_data/Illumina/child/HG03654.final.cram	cram	Illumina NovaSeq 6000	150
HG03669	HG03669.final.cram	37.7	116.9	https://s3-us-west-2.amazonaws.com/human-pangenomics/working/HPRC/HG03669/raw_data/Illumina/child/HG03669.final.cram	s3://human-pangenomics/working/HPRC/HG03669/raw_data/Illumina/child/HG03669.final.cram	cram	Illumina NovaSeq 6000	150
HG03688	HG03688.final.cram	37.02	114.8	https://s3-us-west-2.amazonaws.com/human-pangenomics/working/HPRC/HG03688/raw_data/Illumina/child/HG03688.final.cram	s3://human-pangenomics/working/HPRC/HG03688/raw_data/Illumina/child/HG03688.final.cram	cram	Illumina NovaSeq 6000	150
HG03704	HG03704.final.cram	36.58	113.4	https://s3-us-west-2.amazonaws.com/human-pangenomics/working/HPRC/HG03704/raw_data/Illumina/child/HG03704.final.cram	s3://human-pangenomics/working/HPRC/HG03704/raw_data/Illumina/child/HG03704.final.cram	cram	Illumina NovaSeq 6000	150
HG03710	HG03710.final.cram	37.3	115.6	https://s3-us-west-2.amazonaws.com/human-pangenomics/working/HPRC/HG03710/raw_data/Illumina/child/HG03710.final.cram	s3://human-pangenomics/working/HPRC/HG03710/raw_data/Illumina/child/HG03710.final.cram	cram	Illumina NovaSeq 6000	150
HG03742	HG03742.final.cram	38.43	119.1	https://s3-us-west-2.amazonaws.com/human-pangenomics/working/HPRC/HG03742/raw_data/Illumina/child/HG03742.final.cram	s3://human-pangenomics/working/HPRC/HG03742/raw_data/Illumina/child/HG03742.final.cram	cram	Illumina NovaSeq 6000	150
HG03784	HG03784.final.cram	37.52	116.3	https://s3-us-west-2.amazonaws.com/human-pangenomics/working/HPRC/HG03784/raw_data/Illumina/child/HG03784.final.cram	s3://human-pangenomics/working/HPRC/HG03784/raw_data/Illumina/child/HG03784.final.cram	cram	Illumina NovaSeq 6000	150
HG03804	HG03804.final.cram	34.27	106.2	https://s3-us-west-2.amazonaws.com/human-pangenomics/working/HPRC/HG03804/raw_data/Illumina/child/HG03804.final.cram	s3://human-pangenomics/working/HPRC/HG03804/raw_data/Illumina/child/HG03804.final.cram	cram	Illumina NovaSeq 6000	150
HG03816	HG03816.final.cram	33.06	102.5	https://s3-us-west-2.amazonaws.com/human-pangenomics/working/HPRC/HG03816/raw_data/Illumina/child/HG03816.final.cram	s3://human-pangenomics/working/HPRC/HG03816/raw_data/Illumina/child/HG03816.final.cram	cram	Illumina NovaSeq 6000	150
HG03831	HG03831.final.cram	35.69	110.6	https://s3-us-west-2.amazonaws.com/human-pangenomics/working/HPRC/HG03831/raw_data/Illumina/child/HG03831.final.cram	s3://human-pangenomics/working/HPRC/HG03831/raw_data/Illumina/child/HG03831.final.cram	cram	Illumina NovaSeq 6000	150
HG03834	HG03834.final.cram	35.42	109.8	https://s3-us-west-2.amazonaws.com/human-pangenomics/working/HPRC/HG03834/raw_data/Illumina/child/HG03834.final.cram	s3://human-pangenomics/working/HPRC/HG03834/raw_data/Illumina/child/HG03834.final.cram	cram	Illumina NovaSeq 6000	150
HG03874	HG03874.final.cram	38.11	118.1	https://s3-us-west-2.amazonaws.com/human-pangenomics/working/HPRC/HG03874/raw_data/Illumina/child/HG03874.final.cram	s3://human-pangenomics/working/HPRC/HG03874/raw_data/Illumina/child/HG03874.final.cram	cram	Illumina NovaSeq 6000	150
HG03927	HG03927.final.cram	35.32	109.5	https://s3-us-west-2.amazonaws.com/human-pangenomics/working/HPRC/HG03927/raw_data/Illumina/child/HG03927.final.cram	s3://human-pangenomics/working/HPRC/HG03927/raw_data/Illumina/child/HG03927.final.cram	cram	Illumina NovaSeq 6000	150
HG03942	HG03942.final.cram	36.07	111.8	https://s3-us-west-2.amazonaws.com/human-pangenomics/working/HPRC/HG03942/raw_data/Illumina/child/HG03942.final.cram	s3://human-pangenomics/working/HPRC/HG03942/raw_data/Illumina/child/HG03942.final.cram	cram	Illumina NovaSeq 6000	150
HG04115	HG04115.final.cram	34.91	108.2	https://s3-us-west-2.amazonaws.com/human-pangenomics/working/HPRC/HG04115/raw_data/Illumina/child/HG04115.final.cram	s3://human-pangenomics/working/HPRC/HG04115/raw_data/Illumina/child/HG04115.final.cram	cram	Illumina NovaSeq 6000	150
HG04157	HG04157.final.cram	37.15	115.2	https://s3-us-west-2.amazonaws.com/human-pangenomics/working/HPRC/HG04157/raw_data/Illumina/child/HG04157.final.cram	s3://human-pangenomics/working/HPRC/HG04157/raw_data/Illumina/child/HG04157.final.cram	cram	Illumina NovaSeq 6000	150
HG04160	HG04160.final.cram	35.59	110.3	https://s3-us-west-2.amazonaws.com/human-pangenomics/working/HPRC/HG04160/raw_data/Illumina/child/HG04160.final.cram	s3://human-pangenomics/working/HPRC/HG04160/raw_data/Illumina/child/HG04160.final.cram	cram	Illumina NovaSeq 6000	150
HG04184	HG04184.final.cram	34.59	107.2	https://s3-us-west-2.amazonaws.com/human-pangenomics/working/HPRC/HG04184/raw_data/Illumina/child/HG04184.final.cram	s3://human-pangenomics/working/HPRC/HG04184/raw_data/Illumina/child/HG04184.final.cram	cram	Illumina NovaSeq 6000	150
HG04187	HG04187.final.cram	35.87	111.2	https://s3-us-west-2.amazonaws.com/human-pangenomics/working/HPRC/HG04187/raw_data/Illumina/child/HG04187.final.cram	s3://human-pangenomics/working/HPRC/HG04187/raw_data/Illumina/child/HG04187.final.cram	cram	Illumina NovaSeq 6000	150
HG04199	HG04199.final.cram	35.63	110.4	https://s3-us-west-2.amazonaws.com/human-pangenomics/working/HPRC/HG04199/raw_data/Illumina/child/HG04199.final.cram	s3://human-pangenomics/working/HPRC/HG04199/raw_data/Illumina/child/HG04199.final.cram	cram	Illumina NovaSeq 6000	150
HG04204	HG04204.final.cram	36.29	112.5	https://s3-us-west-2.amazonaws.com/human-pangenomics/working/HPRC/HG04204/raw_data/Illumina/child/HG04204.final.cram	s3://human-pangenomics/working/HPRC/HG04204/raw_data/Illumina/child/HG04204.final.cram	cram	Illumina NovaSeq 6000	150
HG04228	HG04228.final.cram	36.36	112.7	https://s3-us-west-2.amazonaws.com/human-pangenomics/working/HPRC/HG04228/raw_data/Illumina/child/HG04228.final.cram	s3://human-pangenomics/working/HPRC/HG04228/raw_data/Illumina/child/HG04228.final.cram	cram	Illumina NovaSeq 6000	150
HG06807	HTTMGDSX2_CCTGCAAGAC-GCATCATAGC_L002_R1.fastq.gz	17.9	55.5	https://s3-us-west-2.amazonaws.com/human-pangenomics/working/HPRC_PLUS/HG06807/raw_data/Illumina/child/HTTMGDSX2_CCTGCAAGAC-GCATCATAGC_L002_R1.fastq.gz	s3://human-pangenomics/working/HPRC_PLUS/HG06807/raw_data/Illumina/child/HTTMGDSX2_CCTGCAAGAC-GCATCATAGC_L002_R1.fastq.gz	fastq	Illumina NovaSeq 6000	150
HG06807	HTTMGDSX2_CCTGCAAGAC-GCATCATAGC_L002_R2.fastq.gz	17.9	55.5	https://s3-us-west-2.amazonaws.com/human-pangenomics/working/HPRC_PLUS/HG06807/raw_data/Illumina/child/HTTMGDSX2_CCTGCAAGAC-GCATCATAGC_L002_R2.fastq.gz	s3://human-pangenomics/working/HPRC_PLUS/HG06807/raw_data/Illumina/child/HTTMGDSX2_CCTGCAAGAC-GCATCATAGC_L002_R2.fastq.gz	fastq	Illumina NovaSeq 6000	150
NA18505	NA18505.final.cram	41.03	127.2	https://s3-us-west-2.amazonaws.com/human-pangenomics/working/HPRC/NA18505/raw_data/Illumina/child/NA18505.final.cram	s3://human-pangenomics/working/HPRC/NA18505/raw_data/Illumina/child/NA18505.final.cram	cram	Illumina NovaSeq 6000	150
NA18508	NA18508.final.cram	51.25	158.9	https://s3-us-west-2.amazonaws.com/human-pangenomics/working/HPRC/NA18508/raw_data/Illumina/child/NA18508.final.cram	s3://human-pangenomics/working/HPRC/NA18508/raw_data/Illumina/child/NA18508.final.cram	cram	Illumina NovaSeq 6000	150
NA18522	NA18522.final.cram	33.68	104.4	https://s3-us-west-2.amazonaws.com/human-pangenomics/working/HPRC/NA18522/raw_data/Illumina/child/NA18522.final.cram	s3://human-pangenomics/working/HPRC/NA18522/raw_data/Illumina/child/NA18522.final.cram	cram	Illumina NovaSeq 6000	150
NA18565	NA18565.final.cram	56.83	176.2	https://s3-us-west-2.amazonaws.com/human-pangenomics/working/HPRC/NA18565/raw_data/Illumina/child/NA18565.final.cram	s3://human-pangenomics/working/HPRC/NA18565/raw_data/Illumina/child/NA18565.final.cram	cram	Illumina NovaSeq 6000	150
NA18570	NA18570.final.cram	34.79	107.8	https://s3-us-west-2.amazonaws.com/human-pangenomics/working/HPRC/NA18570/raw_data/Illumina/child/NA18570.final.cram	s3://human-pangenomics/working/HPRC/NA18570/raw_data/Illumina/child/NA18570.final.cram	cram	Illumina NovaSeq 6000	150
NA18608	NA18608.final.cram	35.33	109.5	https://s3-us-west-2.amazonaws.com/human-pangenomics/working/HPRC/NA18608/raw_data/Illumina/child/NA18608.final.cram	s3://human-pangenomics/working/HPRC/NA18608/raw_data/Illumina/child/NA18608.final.cram	cram	Illumina NovaSeq 6000	150
NA18620	NA18620.final.cram	38.89	120.6	https://s3-us-west-2.amazonaws.com/human-pangenomics/working/HPRC/NA18620/raw_data/Illumina/child/NA18620.final.cram	s3://human-pangenomics/working/HPRC/NA18620/raw_data/Illumina/child/NA18620.final.cram	cram	Illumina NovaSeq 6000	150
NA18747	NA18747.final.cram	35.93	111.4	https://s3-us-west-2.amazonaws.com/human-pangenomics/working/HPRC/NA18747/raw_data/Illumina/child/NA18747.final.cram	s3://human-pangenomics/working/HPRC/NA18747/raw_data/Illumina/child/NA18747.final.cram	cram	Illumina NovaSeq 6000	150
NA18879	NA18879.final.cram	43.62	135.2	https://s3-us-west-2.amazonaws.com/human-pangenomics/working/HPRC/NA18879/raw_data/Illumina/child/NA18879.final.cram	s3://human-pangenomics/working/HPRC/NA18879/raw_data/Illumina/child/NA18879.final.cram	cram	Illumina NovaSeq 6000	150
NA18906	NA18906.final.cram	33.09	109.3	https://s3-us-west-2.amazonaws.com/human-pangenomics/working/HPRC_PLUS/NA18906/raw_data/Illumina/child/NA18906.final.cram	s3://human-pangenomics/working/HPRC_PLUS/NA18906/raw_data/Illumina/child/NA18906.final.cram	cram	Illumina NovaSeq 6000	150
NA18940	NA18940.final.fq.gz	34.39	113.5	https://s3-us-west-2.amazonaws.com/human-pangenomics/working/HPP/AMED/NA18940/raw_data/Illumina/child/NA18940.final.fq.gz	s3://human-pangenomics/working/HPP/AMED/NA18940/raw_data/Illumina/child/NA18940.final.fq.gz	fastq	Illumina NovaSeq 6000	150
NA18943	NA18943.final.fq.gz	33.58	110.8	https://s3-us-west-2.amazonaws.com/human-pangenomics/working/HPP/AMED/NA18943/raw_data/Illumina/child/NA18943.final.fq.gz	s3://human-pangenomics/working/HPP/AMED/NA18943/raw_data/Illumina/child/NA18943.final.fq.gz	fastq	Illumina NovaSeq 6000	150
NA18944	NA18944.final.fq.gz	31.64	104.5	https://s3-us-west-2.amazonaws.com/human-pangenomics/working/HPP/AMED/NA18944/raw_data/Illumina/child/NA18944.final.fq.gz	s3://human-pangenomics/working/HPP/AMED/NA18944/raw_data/Illumina/child/NA18944.final.fq.gz	fastq	Illumina NovaSeq 6000	150
NA18945	NA18945.final.fq.gz	34.88	115.1	https://s3-us-west-2.amazonaws.com/human-pangenomics/working/HPP/AMED/NA18945/raw_data/Illumina/child/NA18945.final.fq.gz	s3://human-pangenomics/working/HPP/AMED/NA18945/raw_data/Illumina/child/NA18945.final.fq.gz	fastq	Illumina NovaSeq 6000	150
NA18948	NA18948.final.fq.gz	32.55	107.4	https://s3-us-west-2.amazonaws.com/human-pangenomics/working/HPP/AMED/NA18948/raw_data/Illumina/child/NA18948.final.fq.gz	s3://human-pangenomics/working/HPP/AMED/NA18948/raw_data/Illumina/child/NA18948.final.fq.gz	fastq	Illumina NovaSeq 6000	150
NA18952	NA18952.final.cram	37.69	116.9	https://s3-us-west-2.amazonaws.com/human-pangenomics/working/HPRC/NA18952/raw_data/Illumina/child/NA18952.final.cram	s3://human-pangenomics/working/HPRC/NA18952/raw_data/Illumina/child/NA18952.final.cram	cram	Illumina NovaSeq 6000	150
NA18959	NA18959.final.fq.gz	45.36	149.8	https://s3-us-west-2.amazonaws.com/human-pangenomics/working/HPP/AMED/NA18959/raw_data/Illumina/child/NA18959.final.fq.gz	s3://human-pangenomics/working/HPP/AMED/NA18959/raw_data/Illumina/child/NA18959.final.fq.gz	fastq	Illumina NovaSeq 6000	150
NA18960	NA18960.final.fq.gz	35.03	115.7	https://s3-us-west-2.amazonaws.com/human-pangenomics/working/HPP/AMED/NA18960/raw_data/Illumina/child/NA18960.final.fq.gz	s3://human-pangenomics/working/HPP/AMED/NA18960/raw_data/Illumina/child/NA18960.final.fq.gz	fastq	Illumina NovaSeq 6000	150
NA18967	NA18967.final.fq.gz	35.67	117.7	https://s3-us-west-2.amazonaws.com/human-pangenomics/working/HPRC/NA18967/raw_data/Illumina/child/NA18967.final.fq.gz	s3://human-pangenomics/working/HPRC/NA18967/raw_data/Illumina/child/NA18967.final.fq.gz	fastq	Illumina NovaSeq 6000	150
NA18970	NA18970.final.fq.gz	40.67	134.2	https://s3-us-west-2.amazonaws.com/human-pangenomics/working/HPRC/NA18970/raw_data/Illumina/child/NA18970.final.fq.gz	s3://human-pangenomics/working/HPRC/NA18970/raw_data/Illumina/child/NA18970.final.fq.gz	fastq	Illumina NovaSeq 6000	150
NA18971	NA18971.final.cram	36.68	113.7	https://s3-us-west-2.amazonaws.com/human-pangenomics/working/HPRC/NA18971/raw_data/Illumina/child/NA18971.final.cram	s3://human-pangenomics/working/HPRC/NA18971/raw_data/Illumina/child/NA18971.final.cram	cram	Illumina NovaSeq 6000	150
NA18974	NA18974.final.cram	46.4	143.8	https://s3-us-west-2.amazonaws.com/human-pangenomics/working/HPRC/NA18974/raw_data/Illumina/child/NA18974.final.cram	s3://human-pangenomics/working/HPRC/NA18974/raw_data/Illumina/child/NA18974.final.cram	cram	Illumina NovaSeq 6000	150
NA18976	NA18976.final.cram	35.19	109.1	https://s3-us-west-2.amazonaws.com/human-pangenomics/working/HPRC/NA18976/raw_data/Illumina/child/NA18976.final.cram	s3://human-pangenomics/working/HPRC/NA18976/raw_data/Illumina/child/NA18976.final.cram	cram	Illumina NovaSeq 6000	150
NA18982	NA18982.final.fq.gz	31.0	102.4	https://s3-us-west-2.amazonaws.com/human-pangenomics/working/HPP/AMED/NA18982/raw_data/Illumina/child/NA18982.final.fq.gz	s3://human-pangenomics/working/HPP/AMED/NA18982/raw_data/Illumina/child/NA18982.final.fq.gz	fastq	Illumina NovaSeq 6000	150
NA18983	NA18983.final.cram	33.12	102.7	https://s3-us-west-2.amazonaws.com/human-pangenomics/working/HPRC/NA18983/raw_data/Illumina/child/NA18983.final.cram	s3://human-pangenomics/working/HPRC/NA18983/raw_data/Illumina/child/NA18983.final.cram	cram	Illumina NovaSeq 6000	150
NA19036	NA19036.final.cram	53.82	166.8	https://s3-us-west-2.amazonaws.com/human-pangenomics/working/HPRC/NA19036/raw_data/Illumina/child/NA19036.final.cram	s3://human-pangenomics/working/HPRC/NA19036/raw_data/Illumina/child/NA19036.final.cram	cram	Illumina NovaSeq 6000	150
NA19043	NA19043.final.cram	42.56	131.9	https://s3-us-west-2.amazonaws.com/human-pangenomics/working/HPRC/NA19043/raw_data/Illumina/child/NA19043.final.cram	s3://human-pangenomics/working/HPRC/NA19043/raw_data/Illumina/child/NA19043.final.cram	cram	Illumina NovaSeq 6000	150
NA19087	NA19087.final.cram	36.83	114.2	https://s3-us-west-2.amazonaws.com/human-pangenomics/working/HPRC/NA19087/raw_data/Illumina/child/NA19087.final.cram	s3://human-pangenomics/working/HPRC/NA19087/raw_data/Illumina/child/NA19087.final.cram	cram	Illumina NovaSeq 6000	150
NA19159	NA19159.final.cram	37.39	115.9	https://s3-us-west-2.amazonaws.com/human-pangenomics/working/HPRC/NA19159/raw_data/Illumina/child/NA19159.final.cram	s3://human-pangenomics/working/HPRC/NA19159/raw_data/Illumina/child/NA19159.final.cram	cram	Illumina NovaSeq 6000	150
NA19185	NA19185.final.cram	41.1	127.4	https://s3-us-west-2.amazonaws.com/human-pangenomics/working/HPRC/NA19185/raw_data/Illumina/child/NA19185.final.cram	s3://human-pangenomics/working/HPRC/NA19185/raw_data/Illumina/child/NA19185.final.cram	cram	Illumina NovaSeq 6000	150
NA19240	NA19240.final.cram	33.03	109.1	https://s3-us-west-2.amazonaws.com/human-pangenomics/working/HPRC_PLUS/NA19240/raw_data/Illumina/child/NA19240.final.cram	s3://human-pangenomics/working/HPRC_PLUS/NA19240/raw_data/Illumina/child/NA19240.final.cram	cram	Illumina NovaSeq 6000	150
NA19338	NA19338.final.cram	35.52	110.1	https://s3-us-west-2.amazonaws.com/human-pangenomics/working/HPRC/NA19338/raw_data/Illumina/child/NA19338.final.cram	s3://human-pangenomics/working/HPRC/NA19338/raw_data/Illumina/child/NA19338.final.cram	cram	Illumina NovaSeq 6000	150
NA19391	NA19391.final.cram	35.36	109.6	https://s3-us-west-2.amazonaws.com/human-pangenomics/working/HPRC/NA19391/raw_data/Illumina/child/NA19391.final.cram	s3://human-pangenomics/working/HPRC/NA19391/raw_data/Illumina/child/NA19391.final.cram	cram	Illumina NovaSeq 6000	150
NA19443	NA19443.final.cram	36.16	112.1	https://s3-us-west-2.amazonaws.com/human-pangenomics/working/HPRC/NA19443/raw_data/Illumina/child/NA19443.final.cram	s3://human-pangenomics/working/HPRC/NA19443/raw_data/Illumina/child/NA19443.final.cram	cram	Illumina NovaSeq 6000	150
NA19468	NA19468.final.cram	35.87	111.2	https://s3-us-west-2.amazonaws.com/human-pangenomics/working/HPRC/NA19468/raw_data/Illumina/child/NA19468.final.cram	s3://human-pangenomics/working/HPRC/NA19468/raw_data/Illumina/child/NA19468.final.cram	cram	Illumina NovaSeq 6000	150
NA19682	NA19682.final.cram	34.54	107.1	https://s3-us-west-2.amazonaws.com/human-pangenomics/working/HPRC/NA19682/raw_data/Illumina/child/NA19682.final.cram	s3://human-pangenomics/working/HPRC/NA19682/raw_data/Illumina/child/NA19682.final.cram	cram	Illumina NovaSeq 6000	150
NA19700	NA19700.final.cram	36.05	111.7	https://s3-us-west-2.amazonaws.com/human-pangenomics/working/HPRC/NA19700/raw_data/Illumina/child/NA19700.final.cram	s3://human-pangenomics/working/HPRC/NA19700/raw_data/Illumina/child/NA19700.final.cram	cram	Illumina NovaSeq 6000	150
NA19776	NA19776.final.cram	35.56	110.2	https://s3-us-west-2.amazonaws.com/human-pangenomics/working/HPRC/NA19776/raw_data/Illumina/child/NA19776.final.cram	s3://human-pangenomics/working/HPRC/NA19776/raw_data/Illumina/child/NA19776.final.cram	cram	Illumina NovaSeq 6000	150
NA19835	NA19835.final.cram	45.52	141.1	https://s3-us-west-2.amazonaws.com/human-pangenomics/working/HPRC/NA19835/raw_data/Illumina/child/NA19835.final.cram	s3://human-pangenomics/working/HPRC/NA19835/raw_data/Illumina/child/NA19835.final.cram	cram	Illumina NovaSeq 6000	150
NA19909	NA19909.final.cram	35.32	109.5	https://s3-us-west-2.amazonaws.com/human-pangenomics/working/HPRC/NA19909/raw_data/Illumina/child/NA19909.final.cram	s3://human-pangenomics/working/HPRC/NA19909/raw_data/Illumina/child/NA19909.final.cram	cram	Illumina NovaSeq 6000	150
NA20129	NA20129.final.cram	34.09	112.6	https://s3-us-west-2.amazonaws.com/human-pangenomics/working/HPRC_PLUS/NA20129/raw_data/Illumina/child/NA20129.final.cram	s3://human-pangenomics/working/HPRC_PLUS/NA20129/raw_data/Illumina/child/NA20129.final.cram	cram	Illumina NovaSeq 6000	150
NA20282	NA20282.final.cram	34.21	106.1	https://s3-us-west-2.amazonaws.com/human-pangenomics/working/HPRC/NA20282/raw_data/Illumina/child/NA20282.final.cram	s3://human-pangenomics/working/HPRC/NA20282/raw_data/Illumina/child/NA20282.final.cram	cram	Illumina NovaSeq 6000	150
NA20346	NA20346.final.cram	35.84	111.1	https://s3-us-west-2.amazonaws.com/human-pangenomics/working/HPRC/NA20346/raw_data/Illumina/child/NA20346.final.cram	s3://human-pangenomics/working/HPRC/NA20346/raw_data/Illumina/child/NA20346.final.cram	cram	Illumina NovaSeq 6000	150
NA20503	NA20503.final.cram	39.31	121.9	https://s3-us-west-2.amazonaws.com/human-pangenomics/working/HPRC/NA20503/raw_data/Illumina/child/NA20503.final.cram	s3://human-pangenomics/working/HPRC/NA20503/raw_data/Illumina/child/NA20503.final.cram	cram	Illumina NovaSeq 6000	150
NA20752	NA20752.final.cram	35.27	109.3	https://s3-us-west-2.amazonaws.com/human-pangenomics/working/HPRC/NA20752/raw_data/Illumina/child/NA20752.final.cram	s3://human-pangenomics/working/HPRC/NA20752/raw_data/Illumina/child/NA20752.final.cram	cram	Illumina NovaSeq 6000	150
NA20762	NA20762.final.cram	57.48	178.2	https://s3-us-west-2.amazonaws.com/human-pangenomics/working/HPRC/NA20762/raw_data/Illumina/child/NA20762.final.cram	s3://human-pangenomics/working/HPRC/NA20762/raw_data/Illumina/child/NA20762.final.cram	cram	Illumina NovaSeq 6000	150
NA20799	NA20799.final.cram	36.01	111.6	https://s3-us-west-2.amazonaws.com/human-pangenomics/working/HPRC/NA20799/raw_data/Illumina/child/NA20799.final.cram	s3://human-pangenomics/working/HPRC/NA20799/raw_data/Illumina/child/NA20799.final.cram	cram	Illumina NovaSeq 6000	150
NA20805	NA20805.final.cram	37.41	116.0	https://s3-us-west-2.amazonaws.com/human-pangenomics/working/HPRC/NA20805/raw_data/Illumina/child/NA20805.final.cram	s3://human-pangenomics/working/HPRC/NA20805/raw_data/Illumina/child/NA20805.final.cram	cram	Illumina NovaSeq 6000	150
NA20806	NA20806.final.cram	38.38	119.0	https://s3-us-west-2.amazonaws.com/human-pangenomics/working/HPRC/NA20806/raw_data/Illumina/child/NA20806.final.cram	s3://human-pangenomics/working/HPRC/NA20806/raw_data/Illumina/child/NA20806.final.cram	cram	Illumina NovaSeq 6000	150
NA20809	NA20809.final.cram	36.31	112.6	https://s3-us-west-2.amazonaws.com/human-pangenomics/working/HPRC/NA20809/raw_data/Illumina/child/NA20809.final.cram	s3://human-pangenomics/working/HPRC/NA20809/raw_data/Illumina/child/NA20809.final.cram	cram	Illumina NovaSeq 6000	150
NA20827	NA20827.final.cram	44.47	137.8	https://s3-us-west-2.amazonaws.com/human-pangenomics/working/HPRC/NA20827/raw_data/Illumina/child/NA20827.final.cram	s3://human-pangenomics/working/HPRC/NA20827/raw_data/Illumina/child/NA20827.final.cram	cram	Illumina NovaSeq 6000	150
NA20850	NA20850.final.cram	50.96	158.0	https://s3-us-west-2.amazonaws.com/human-pangenomics/working/HPRC/NA20850/raw_data/Illumina/child/NA20850.final.cram	s3://human-pangenomics/working/HPRC/NA20850/raw_data/Illumina/child/NA20850.final.cram	cram	Illumina NovaSeq 6000	150
NA20870	NA20870.final.cram	34.65	107.4	https://s3-us-west-2.amazonaws.com/human-pangenomics/working/HPRC/NA20870/raw_data/Illumina/child/NA20870.final.cram	s3://human-pangenomics/working/HPRC/NA20870/raw_data/Illumina/child/NA20870.final.cram	cram	Illumina NovaSeq 6000	150
NA20905	NA20905.final.cram	52.06	161.4	https://s3-us-west-2.amazonaws.com/human-pangenomics/working/HPRC/NA20905/raw_data/Illumina/child/NA20905.final.cram	s3://human-pangenomics/working/HPRC/NA20905/raw_data/Illumina/child/NA20905.final.cram	cram	Illumina NovaSeq 6000	150
NA21093	NA21093.final.cram	46.45	144.0	https://s3-us-west-2.amazonaws.com/human-pangenomics/working/HPRC/NA21093/raw_data/Illumina/child/NA21093.final.cram	s3://human-pangenomics/working/HPRC/NA21093/raw_data/Illumina/child/NA21093.final.cram	cram	Illumina NovaSeq 6000	150
NA21102	NA21102.final.cram	44.04	136.5	https://s3-us-west-2.amazonaws.com/human-pangenomics/working/HPRC/NA21102/raw_data/Illumina/child/NA21102.final.cram	s3://human-pangenomics/working/HPRC/NA21102/raw_data/Illumina/child/NA21102.final.cram	cram	Illumina NovaSeq 6000	150
NA21106	NA21106.final.cram	57.83	179.3	https://s3-us-west-2.amazonaws.com/human-pangenomics/working/HPRC/NA21106/raw_data/Illumina/child/NA21106.final.cram	s3://human-pangenomics/working/HPRC/NA21106/raw_data/Illumina/child/NA21106.final.cram	cram	Illumina NovaSeq 6000	150
NA21110	NA21110.final.cram	51.87	160.8	https://s3-us-west-2.amazonaws.com/human-pangenomics/working/HPRC/NA21110/raw_data/Illumina/child/NA21110.final.cram	s3://human-pangenomics/working/HPRC/NA21110/raw_data/Illumina/child/NA21110.final.cram	cram	Illumina NovaSeq 6000	150
NA21144	NA21144.final.cram	32.26	100.0	https://s3-us-west-2.amazonaws.com/human-pangenomics/working/HPRC/NA21144/raw_data/Illumina/child/NA21144.final.cram	s3://human-pangenomics/working/HPRC/NA21144/raw_data/Illumina/child/NA21144.final.cram	cram	Illumina NovaSeq 6000	150
NA21309	AATGACGC-AATGACGC_S5_L001_R1_001.fastq.gz	22.48	69.7	https://s3-us-west-2.amazonaws.com/human-pangenomics/working/HPRC_PLUS/NA21309/raw_data/Illumina/child/AATGACGC-AATGACGC_S5_L001_R1_001.fastq.gz	s3://human-pangenomics/working/HPRC_PLUS/NA21309/raw_data/Illumina/child/AATGACGC-AATGACGC_S5_L001_R1_001.fastq.gz	fastq	Illumina NovaSeq 6000	150
NA21309	AATGACGC-AATGACGC_S5_L001_R2_001.fastq.gz	22.48	69.7	https://s3-us-west-2.amazonaws.com/human-pangenomics/working/HPRC_PLUS/NA21309/raw_data/Illumina/child/AATGACGC-AATGACGC_S5_L001_R2_001.fastq.gz	s3://human-pangenomics/working/HPRC_PLUS/NA21309/raw_data/Illumina/child/AATGACGC-AATGACGC_S5_L001_R2_001.fastq.gz	fastq	Illumina NovaSeq 6000	150
