sample_id,hifi_revio_bam_files,hifi_revio_total_cov,ont_r1041_bam_files,ont_r1041_total_cov,illumina_file,illumina_cov,illumina_type,has_hifi_revio,has_ont_r1041,has_illumina,matched_all3,hifi_first_url,ont_first_url,illumina_url
HG00097,3,63.7,3,57.1,HG00097.final.cram,36.84,cram,1,1,1,1,https://s3-us-west-2.amazonaws.com/human-pangenomics/working/HPRC/HG00097/raw_data/PacBio_HiFi/m84046_230718_223822_s1.hifi_reads.bc2086.bam,https://s3-us-west-2.amazonaws.com/human-pangenomics/working/HPRC/HG00097/raw_data/nanopore/dorado0.6.0_sup4.3.0_5mCG_5hmCG/10_31_23_R1041_HPRC_HG00097_1_dorado0.6.0_sup4.3.0_5mCG_5hmCG.bam,https://s3-us-west-2.amazonaws.com/human-pangenomics/working/HPRC/HG00097/raw_data/Illumina/child/HG00097.final.cram
HG00099,1,19.8,0,0,HG00099.final.cram,41.5,cram,1,0,1,0,https://s3-us-west-2.amazonaws.com/human-pangenomics/working/HPRC/HG00099/raw_data/PacBio_HiFi/m84046_230517_211630_s4.hifi_reads.bc2012.bam,,https://s3-us-west-2.amazonaws.com/human-pangenomics/working/HPRC/HG00099/raw_data/Illumina/child/HG00099.final.cram
HG00126,5,63.8,3,70.9,HG00126.final.cram,45.04,cram,1,1,1,1,https://s3-us-west-2.amazonaws.com/human-pangenomics/working/HPRC/HG00126/raw_data/PacBio_HiFi/m84046_230621_231827_s1.hifi_reads.bc2043.bam,https://s3-us-west-2.amazonaws.com/human-pangenomics/working/HPRC/HG00126/raw_data/nanopore/dorado0.6.0_sup4.3.0_5mCG_5hmCG/08_29_23_R1041_HPRC_HG00126_1_dorado0.6.0_sup4.3.0_5mCG_5hmCG.bam,https://s3-us-west-2.amazonaws.com/human-pangenomics/working/HPRC/HG00126/raw_data/Illumina/child/HG00126.final.cram
HG00128,4,66.3,3,59.5,HG00128.final.cram,47.57,cram,1,1,1,1,https://s3-us-west-2.amazonaws.com/human-pangenomics/working/HPRC/HG00128/raw_data/PacBio_HiFi/m84046_230617_043254_s3.hifi_reads.bc2044.bam,https://s3-us-west-2.amazonaws.com/human-pangenomics/working/HPRC/HG00128/raw_data/nanopore/dorado0.6.0_sup4.3.0_5mCG_5hmCG/11_7_23_R1041_HPRC_HG00128_2_dorado0.6.0_sup4.3.0_5mCG_5hmCG.bam,https://s3-us-west-2.amazonaws.com/human-pangenomics/working/HPRC/HG00128/raw_data/Illumina/child/HG00128.final.cram
HG00133,6,66.0,3,66.0,HG00133.final.cram,54.96,cram,1,1,1,1,https://s3-us-west-2.amazonaws.com/human-pangenomics/working/HPRC/HG00133/raw_data/PacBio_HiFi/m84046_230621_231827_s1.hifi_reads.bc2045.bam,https://s3-us-west-2.amazonaws.com/human-pangenomics/working/HPRC/HG00133/raw_data/nanopore/dorado0.6.0_sup4.3.0_5mCG_5hmCG/08_29_23_R1041_HPRC_HG00133_1_dorado0.6.0_sup4.3.0_5mCG_5hmCG.bam,https://s3-us-west-2.amazonaws.com/human-pangenomics/working/HPRC/HG00133/raw_data/Illumina/child/HG00133.final.cram
HG00140,2,19.8,0,0,HG00140.final.cram,36.68,cram,1,0,1,0,https://s3-us-west-2.amazonaws.com/human-pangenomics/working/HPRC/HG00140/raw_data/PacBio_HiFi/m84081_230628_194051_s3.hifi_reads.bc1018.bam,,https://s3-us-west-2.amazonaws.com/human-pangenomics/working/HPRC/HG00140/raw_data/Illumina/child/HG00140.final.cram
HG00146,2,72.6,6,76.0,HG00146.final.cram,47.45,cram,1,1,1,1,https://s3-us-west-2.amazonaws.com/human-pangenomics/working/HPRC/HG00146/raw_data/PacBio_HiFi/m84081_230616_182824_s3.hifi_reads.bc2013.bam,https://s3-us-west-2.amazonaws.com/human-pangenomics/working/HPRC/HG00146/raw_data/nanopore/dorado0.6.0_sup4.3.0_5mCG_5hmCG/11_14_23_R1041_HPRC_HG00146_1_dorado0.6.0_sup4.3.0_5mCG_5hmCG.bam,https://s3-us-west-2.amazonaws.com/human-pangenomics/working/HPRC/HG00146/raw_data/Illumina/child/HG00146.final.cram
HG002,4,90.5,0,0,HG002.novaseq.pcr-free.30x.R2.fastq.gz,17.33,fastq,1,0,1,0,https://s3-us-west-2.amazonaws.com/human-pangenomics/working/HPRC_PLUS/HG002/raw_data/PacBio_HiFi/wMods/m84005_220827_014912_s1.hifi_reads.bam,,https://s3-us-west-2.amazonaws.com/human-pangenomics/working/HPRC_PLUS/HG002/raw_data/Illumina/child/HG002.novaseq.pcr-free.30x.R2.fastq.gz
HG00232,6,62.3,8,92.0,HG00232.final.cram,61.31,cram,1,1,1,1,https://s3-us-west-2.amazonaws.com/human-pangenomics/working/HPRC/HG00232/raw_data/PacBio_HiFi/m84081_230623_202140_s1.hifi_reads.bc2014.bam,https://s3-us-west-2.amazonaws.com/human-pangenomics/working/HPRC/HG00232/raw_data/nanopore/dorado0.6.0_sup4.3.0_5mCG_5hmCG/01_23_24_R1041_HPRC_HG00232_2_dorado0.6.0_sup4.3.0_5mCG_5hmCG.bam,https://s3-us-west-2.amazonaws.com/human-pangenomics/working/HPRC/HG00232/raw_data/Illumina/child/HG00232.final.cram
HG00235,2,61.6,7,91.0,HG00235.final.cram,41.08,cram,1,1,1,1,https://s3-us-west-2.amazonaws.com/human-pangenomics/working/HPRC/HG00235/raw_data/PacBio_HiFi/m84091_230721_141900_s2.hifi_reads.bc1008.bam,https://s3-us-west-2.amazonaws.com/human-pangenomics/working/HPRC/HG00235/raw_data/nanopore/dorado0.6.0_sup4.3.0_5mCG_5hmCG/01_16_24_R1041_HPRC_HG00235_2_dorado0.6.0_sup4.3.0_5mCG_5hmCG.bam,https://s3-us-west-2.amazonaws.com/human-pangenomics/working/HPRC/HG00235/raw_data/Illumina/child/HG00235.final.cram
HG00253,2,64.9,6,79.4,HG00253.final.cram,39.75,cram,1,1,1,1,https://s3-us-west-2.amazonaws.com/human-pangenomics/working/HPRC/HG00253/raw_data/PacBio_HiFi/m84091_230721_134835_s1.hifi_reads.bc1003.bam,https://s3-us-west-2.amazonaws.com/human-pangenomics/working/HPRC/HG00253/raw_data/nanopore/dorado0.6.0_sup4.3.0_5mCG_5hmCG/10_31_23_R1041_HPRC_HG00253_1_dorado0.6.0_sup4.3.0_5mCG_5hmCG.bam,https://s3-us-west-2.amazonaws.com/human-pangenomics/working/HPRC/HG00253/raw_data/Illumina/child/HG00253.final.cram
HG00272,4,67.8,3,62.3,HG00272.final.cram,49.34,cram,1,1,1,1,https://s3-us-west-2.amazonaws.com/human-pangenomics/working/HPRC/HG00272/raw_data/PacBio_HiFi/m84046_230719_001055_s4.hifi_reads.bc2087.bam,https://s3-us-west-2.amazonaws.com/human-pangenomics/working/HPRC/HG00272/raw_data/nanopore/dorado0.6.0_sup4.3.0_5mCG_5hmCG/08_08_23_R1041_HPRC_HG00272_2_dorado0.6.0_sup4.3.0_5mCG_5hmCG.bam,https://s3-us-west-2.amazonaws.com/human-pangenomics/working/HPRC/HG00272/raw_data/Illumina/child/HG00272.final.cram
HG00280,1,17.9,0,0,HG00280.final.cram,39.93,cram,1,0,1,0,https://s3-us-west-2.amazonaws.com/human-pangenomics/working/HPRC/HG00280/raw_data/PacBio_HiFi/m84046_230628_213236_s2.hifi_reads.bc2051.bam,,https://s3-us-west-2.amazonaws.com/human-pangenomics/working/HPRC/HG00280/raw_data/Illumina/child/HG00280.final.cram
HG00290,5,63.3,5,94.3,HG00290.final.cram,48.42,cram,1,1,1,1,https://s3-us-west-2.amazonaws.com/human-pangenomics/working/HPRC/HG00290/raw_data/PacBio_HiFi/m84046_230627_204123_s2.hifi_reads.bc2052.bam,https://s3-us-west-2.amazonaws.com/human-pangenomics/working/HPRC/HG00290/raw_data/nanopore/dorado0.6.0_sup4.3.0_5mCG_5hmCG/01_23_24_R1041_HPRC_HG00290_1_dorado0.6.0_sup4.3.0_5mCG_5hmCG.bam,https://s3-us-west-2.amazonaws.com/human-pangenomics/working/HPRC/HG00290/raw_data/Illumina/child/HG00290.final.cram
HG00320,2,68.3,3,77.4,HG00320.final.cram,42.72,cram,1,1,1,1,https://s3-us-west-2.amazonaws.com/human-pangenomics/working/HPRC/HG00320/raw_data/PacBio_HiFi/m84081_230610_202430_s3.hifi_reads.bc2011.bam,https://s3-us-west-2.amazonaws.com/human-pangenomics/working/HPRC/HG00320/raw_data/nanopore/dorado0.6.0_sup4.3.0_5mCG_5hmCG/12_12_23_R1041_HPRC_HG00320_1_dorado0.6.0_sup4.3.0_5mCG_5hmCG.bam,https://s3-us-west-2.amazonaws.com/human-pangenomics/working/HPRC/HG00320/raw_data/Illumina/child/HG00320.final.cram
HG00321,4,61.2,6,76.9,HG00321.final.cram,60.18,cram,1,1,1,1,https://s3-us-west-2.amazonaws.com/human-pangenomics/working/HPRC/HG00321/raw_data/PacBio_HiFi/m84081_230623_212309_s3.hifi_reads.bc2015.bam,https://s3-us-west-2.amazonaws.com/human-pangenomics/working/HPRC/HG00321/raw_data/nanopore/dorado0.6.0_sup4.3.0_5mCG_5hmCG/11_7_23_R1041_HPRC_HG00321_2_dorado0.6.0_sup4.3.0_5mCG_5hmCG.bam,https://s3-us-west-2.amazonaws.com/human-pangenomics/working/HPRC/HG00321/raw_data/Illumina/child/HG00321.final.cram
HG00323,6,21.6,0,0,HG00323.final.cram,33.27,cram,1,0,1,0,https://s3-us-west-2.amazonaws.com/human-pangenomics/working/HPRC/HG00323/raw_data/PacBio_HiFi/m84081_230623_212309_s3.hifi_reads.bc1016.bam,,https://s3-us-west-2.amazonaws.com/human-pangenomics/working/HPRC/HG00323/raw_data/Illumina/child/HG00323.final.cram
HG00329,2,62.1,3,90.7,HG00329.final.cram,38.56,cram,1,1,1,1,https://s3-us-west-2.amazonaws.com/human-pangenomics/working/HPRC/HG00329/raw_data/PacBio_HiFi/m84091_230712_173338_s3.hifi_reads.bc1019.bam,https://s3-us-west-2.amazonaws.com/human-pangenomics/working/HPRC/HG00329/raw_data/nanopore/dorado0.6.0_sup4.3.0_5mCG_5hmCG/10_24_23_R1041_HPRC_HG00329_1_dorado0.6.0_sup4.3.0_5mCG_5hmCG.bam,https://s3-us-west-2.amazonaws.com/human-pangenomics/working/HPRC/HG00329/raw_data/Illumina/child/HG00329.final.cram
HG00344,3,65.3,3,50.8,HG00344.final.cram,37.28,cram,1,1,1,1,https://s3-us-west-2.amazonaws.com/human-pangenomics/working/HPRC/HG00344/raw_data/PacBio_HiFi/m84046_230715_064007_s2.hifi_reads.bc2083.bam,https://s3-us-west-2.amazonaws.com/human-pangenomics/working/HPRC/HG00344/raw_data/nanopore/dorado0.6.0_sup4.3.0_5mCG_5hmCG/10_31_23_R1041_HPRC_HG00344_1_dorado0.6.0_sup4.3.0_5mCG_5hmCG.bam,https://s3-us-west-2.amazonaws.com/human-pangenomics/working/HPRC/HG00344/raw_data/Illumina/child/HG00344.final.cram
HG00350,3,65.8,3,80.2,HG00350.final.cram,51.48,cram,1,1,1,1,https://s3-us-west-2.amazonaws.com/human-pangenomics/working/HPRC/HG00350/raw_data/PacBio_HiFi/m84046_230712_231732_s2.hifi_reads.bc2048.bam,https://s3-us-west-2.amazonaws.com/human-pangenomics/working/HPRC/HG00350/raw_data/nanopore/dorado0.6.0_sup4.3.0_5mCG_5hmCG/10_24_23_R1041_HPRC_HG00350_2_dorado0.6.0_sup4.3.0_5mCG_5hmCG.bam,https://s3-us-west-2.amazonaws.com/human-pangenomics/working/HPRC/HG00350/raw_data/Illumina/child/HG00350.final.cram
HG00408,2,20.0,0,0,HG00408.final.cram,36.58,cram,1,0,1,0,https://s3-us-west-2.amazonaws.com/human-pangenomics/working/HPRC/HG00408/raw_data/PacBio_HiFi/m84081_230721_175633_s1.hifi_reads.bc1002.bam,,https://s3-us-west-2.amazonaws.com/human-pangenomics/working/HPRC/HG00408/raw_data/Illumina/child/HG00408.final.cram
HG00423,1,7.5,0,0,HG00423.final.cram,36.57,cram,1,0,1,0,https://s3-us-west-2.amazonaws.com/human-pangenomics/working/HPRC/HG00423/raw_data/PacBio_HiFi/m84081_231112_030942_s3.hifi_reads.bc2078.bam,,https://s3-us-west-2.amazonaws.com/human-pangenomics/working/HPRC/HG00423/raw_data/Illumina/child/HG00423.final.cram
HG00438,0,0,0,0,HG00438.final.cram,36.29,cram,0,0,1,0,,,https://s3-us-west-2.amazonaws.com/human-pangenomics/working/HPRC/HG00438/raw_data/Illumina/child/HG00438.final.cram
HG005,0,0,0,0,HG005.novaseq.pcr-free.30x.R2.fastq.gz,17.68,fastq,0,0,1,0,,,https://s3-us-west-2.amazonaws.com/human-pangenomics/working/HPRC_PLUS/HG005/raw_data/Illumina/child/HG005.novaseq.pcr-free.30x.R2.fastq.gz
HG00544,2,21.2,0,0,HG00544.final.cram,35.58,cram,1,0,1,0,https://s3-us-west-2.amazonaws.com/human-pangenomics/working/HPRC/HG00544/raw_data/PacBio_HiFi/m84081_231117_211338_s4.hifi_reads.bc2086.bam,,https://s3-us-west-2.amazonaws.com/human-pangenomics/working/HPRC/HG00544/raw_data/Illumina/child/HG00544.final.cram
HG00558,4,22.5,0,0,HG00558.final.cram,35.25,cram,1,0,1,0,https://s3-us-west-2.amazonaws.com/human-pangenomics/working/HPRC/HG00558/raw_data/PacBio_HiFi/m84046_230602_213334_s2.hifi_reads.bc1016.bam,,https://s3-us-west-2.amazonaws.com/human-pangenomics/working/HPRC/HG00558/raw_data/Illumina/child/HG00558.final.cram
HG00597,2,22.4,0,0,HG00597.final.cram,35.96,cram,1,0,1,0,https://s3-us-west-2.amazonaws.com/human-pangenomics/working/HPRC/HG00597/raw_data/PacBio_HiFi/m84081_230721_175633_s1.hifi_reads.bc1021.bam,,https://s3-us-west-2.amazonaws.com/human-pangenomics/working/HPRC/HG00597/raw_data/Illumina/child/HG00597.final.cram
HG00609,3,30.8,0,0,HG00609.final.cram,37.42,cram,1,0,1,0,https://s3-us-west-2.amazonaws.com/human-pangenomics/working/HPRC/HG00609/raw_data/PacBio_HiFi/m84081_231124_014115_s1.hifi_reads.bc2090.bam,,https://s3-us-west-2.amazonaws.com/human-pangenomics/working/HPRC/HG00609/raw_data/Illumina/child/HG00609.final.cram
HG00621,4,10.5,0,0,HG00621.final.cram,35.11,cram,1,0,1,0,https://s3-us-west-2.amazonaws.com/human-pangenomics/working/HPRC/HG00621/raw_data/PacBio_HiFi/m84081_231222_081401_s1.hifi_reads.bc2027.bam,,https://s3-us-west-2.amazonaws.com/human-pangenomics/working/HPRC/HG00621/raw_data/Illumina/child/HG00621.final.cram
HG00639,1,22.3,0,0,HG00639.final.cram,33.32,cram,1,0,1,0,https://s3-us-west-2.amazonaws.com/human-pangenomics/working/HPRC/HG00639/raw_data/PacBio_HiFi/m84046_230707_192442_s1.hifi_reads.bc2059.bam,,https://s3-us-west-2.amazonaws.com/human-pangenomics/working/HPRC/HG00639/raw_data/Illumina/child/HG00639.final.cram
HG00642,1,17.0,0,0,HG00642.final.cram,37.26,cram,1,0,1,0,https://s3-us-west-2.amazonaws.com/human-pangenomics/working/HPRC/HG00642/raw_data/PacBio_HiFi/m84046_230531_221339_s3.hifi_reads.default.bam,,https://s3-us-west-2.amazonaws.com/human-pangenomics/working/HPRC/HG00642/raw_data/Illumina/child/HG00642.final.cram
HG00658,3,27.5,0,0,HG00658.final.cram,35.66,cram,1,0,1,0,https://s3-us-west-2.amazonaws.com/human-pangenomics/working/HPRC/HG00658/raw_data/PacBio_HiFi/m84091_230905_192642_s1.hifi_reads.bc1018.bam,,https://s3-us-west-2.amazonaws.com/human-pangenomics/working/HPRC/HG00658/raw_data/Illumina/child/HG00658.final.cram
HG00673,4,12.6,0,0,HG00673.final.cram,34.22,cram,1,0,1,0,https://s3-us-west-2.amazonaws.com/human-pangenomics/working/HPRC/HG00673/raw_data/PacBio_HiFi/m84081_231222_081401_s1.hifi_reads.bc2028.bam,,https://s3-us-west-2.amazonaws.com/human-pangenomics/working/HPRC/HG00673/raw_data/Illumina/child/HG00673.final.cram
HG00706,1,25.4,0,0,HG00706.final.cram,36.79,cram,1,0,1,0,https://s3-us-west-2.amazonaws.com/human-pangenomics/working/HPRC/HG00706/raw_data/PacBio_HiFi/m84091_230817_140121_s1.hifi_reads.bc1011.bam,,https://s3-us-west-2.amazonaws.com/human-pangenomics/working/HPRC/HG00706/raw_data/Illumina/child/HG00706.final.cram
HG00733,0,0,0,0,HG00733.final.cram,34.03,cram,0,0,1,0,,,https://s3-us-west-2.amazonaws.com/human-pangenomics/working/HPRC_PLUS/HG00733/raw_data/Illumina/child/HG00733.final.cram
HG00735,0,0,0,0,HG00735.final.cram,35.09,cram,0,0,1,0,,,https://s3-us-west-2.amazonaws.com/human-pangenomics/working/HPRC/HG00735/raw_data/Illumina/child/HG00735.final.cram
HG00738,1,30.5,0,0,HG00738.final.cram,37.06,cram,1,0,1,0,https://s3-us-west-2.amazonaws.com/human-pangenomics/working/HPRC/HG00738/raw_data/PacBio_HiFi/m84081_231112_034048_s4.hifi_reads.bc2079.bam,,https://s3-us-west-2.amazonaws.com/human-pangenomics/working/HPRC/HG00738/raw_data/Illumina/child/HG00738.final.cram
HG00741,4,14.4,0,0,HG00741.final.cram,37.4,cram,1,0,1,0,https://s3-us-west-2.amazonaws.com/human-pangenomics/working/HPRC/HG00741/raw_data/PacBio_HiFi/m84081_231222_081401_s1.hifi_reads.bc2024.bam,,https://s3-us-west-2.amazonaws.com/human-pangenomics/working/HPRC/HG00741/raw_data/Illumina/child/HG00741.final.cram
HG01071,4,16.6,0,0,HG01071.final.cram,37.31,cram,1,0,1,0,https://s3-us-west-2.amazonaws.com/human-pangenomics/working/HPRC/HG01071/raw_data/PacBio_HiFi/m84081_231222_081401_s1.hifi_reads.bc2026.bam,,https://s3-us-west-2.amazonaws.com/human-pangenomics/working/HPRC/HG01071/raw_data/Illumina/child/HG01071.final.cram
HG01074,2,17.8,0,0,HG01074.final.cram,35.95,cram,1,0,1,0,https://s3-us-west-2.amazonaws.com/human-pangenomics/working/HPRC/HG01074/raw_data/PacBio_HiFi/m84046_230719_001055_s4.hifi_reads.bc2061.bam,,https://s3-us-west-2.amazonaws.com/human-pangenomics/working/HPRC/HG01074/raw_data/Illumina/child/HG01074.final.cram
HG01081,2,18.4,0,0,HG01081.final.cram,37.06,cram,1,0,1,0,https://s3-us-west-2.amazonaws.com/human-pangenomics/working/HPRC/HG01081/raw_data/PacBio_HiFi/m84046_230707_205716_s4.bc2065--bc2065.bam,,https://s3-us-west-2.amazonaws.com/human-pangenomics/working/HPRC/HG01081/raw_data/Illumina/child/HG01081.final.cram
HG01099,3,26.0,0,0,HG01099.final.cram,39.71,cram,1,0,1,0,https://s3-us-west-2.amazonaws.com/human-pangenomics/working/HPRC/HG01099/raw_data/PacBio_HiFi/m84081_231124_014115_s1.hifi_reads.bc2092.bam,,https://s3-us-west-2.amazonaws.com/human-pangenomics/working/HPRC/HG01099/raw_data/Illumina/child/HG01099.final.cram
HG01106,0,0,0,0,HG01106.final.cram,36.86,cram,0,0,1,0,,,https://s3-us-west-2.amazonaws.com/human-pangenomics/working/HPRC/HG01106/raw_data/Illumina/child/HG01106.final.cram
HG01109,0,0,0,0,HG01109.final.cram,34.91,cram,0,0,1,0,,,https://s3-us-west-2.amazonaws.com/human-pangenomics/working/HPRC_PLUS/HG01109/raw_data/Illumina/child/HG01109.final.cram
HG01123,2,26.3,0,0,HG01123-111121_S1_L001_R2_001.fastq.gz,39.8,fastq,1,0,1,0,https://s3-us-west-2.amazonaws.com/human-pangenomics/working/HPRC/HG01123/raw_data/PacBio_HiFi/m84046_230724_203319_s4.hifi_reads.bc2055.bam,,https://s3-us-west-2.amazonaws.com/human-pangenomics/working/HPRC/HG01123/raw_data/Illumina/child/HG01123-111121_S1_L001_R2_001.fastq.gz
HG01150,4,18.4,0,0,HG01150.final.cram,37.93,cram,1,0,1,0,https://s3-us-west-2.amazonaws.com/human-pangenomics/working/HPRC/HG01150/raw_data/PacBio_HiFi/m84091_230905_192642_s1.hifi_reads.bc1019.bam,,https://s3-us-west-2.amazonaws.com/human-pangenomics/working/HPRC/HG01150/raw_data/Illumina/child/HG01150.final.cram
HG01167,3,62.5,3,66.7,HG01167.final.cram,50.27,cram,1,1,1,1,https://s3-us-west-2.amazonaws.com/human-pangenomics/working/HPRC/HG01167/raw_data/PacBio_HiFi/m84091_230725_164143_s3.hifi_reads.bc1012.bam,https://s3-us-west-2.amazonaws.com/human-pangenomics/working/HPRC/HG01167/raw_data/nanopore/dorado0.6.0_sup4.3.0_5mCG_5hmCG/08_29_23_R1041_HPRC_HG01167_1_dorado0.6.0_sup4.3.0_5mCG_5hmCG.bam,https://s3-us-west-2.amazonaws.com/human-pangenomics/working/HPRC/HG01167/raw_data/Illumina/child/HG01167.final.cram
HG01175,4,16.4,0,0,HG01175.final.cram,34.96,cram,1,0,1,0,https://s3-us-west-2.amazonaws.com/human-pangenomics/working/HPRC/HG01175/raw_data/PacBio_HiFi/m84081_231222_081401_s1.hifi_reads.bc2025.bam,,https://s3-us-west-2.amazonaws.com/human-pangenomics/working/HPRC/HG01175/raw_data/Illumina/child/HG01175.final.cram
HG01192,2,24.6,0,0,HG01192.final.cram,33.85,cram,1,0,1,0,https://s3-us-west-2.amazonaws.com/human-pangenomics/working/HPRC/HG01192/raw_data/PacBio_HiFi/m84081_230630_201015_s3.hifi_reads.default.bam,,https://s3-us-west-2.amazonaws.com/human-pangenomics/working/HPRC/HG01192/raw_data/Illumina/child/HG01192.final.cram
HG01243,4,32.9,0,0,HG01243.final.cram,32.67,cram,1,0,1,0,https://s3-us-west-2.amazonaws.com/human-pangenomics/working/HPRC_PLUS/HG01243/raw_data/PacBio_HiFi/m84039_230303_005138_s2.hifi_reads.bc2009.bam,,https://s3-us-west-2.amazonaws.com/human-pangenomics/working/HPRC_PLUS/HG01243/raw_data/Illumina/child/HG01243.final.cram
HG01252,1,16.7,0,0,HG01252.final.cram,37.5,cram,1,0,1,0,https://s3-us-west-2.amazonaws.com/human-pangenomics/working/HPRC/HG01252/raw_data/PacBio_HiFi/m84091_230905_205913_s4.hifi_reads.bc1020.bam,,https://s3-us-west-2.amazonaws.com/human-pangenomics/working/HPRC/HG01252/raw_data/Illumina/child/HG01252.final.cram
HG01255,1,34.5,0,0,HG01255.final.cram,37.61,cram,1,0,1,0,https://s3-us-west-2.amazonaws.com/human-pangenomics/working/HPRC/HG01255/raw_data/PacBio_HiFi/m84081_231105_024654_s3.hifi_reads.default.bam,,https://s3-us-west-2.amazonaws.com/human-pangenomics/working/HPRC/HG01255/raw_data/Illumina/child/HG01255.final.cram
HG01258,1,16.2,0,0,HG01258.final.cram,37.17,cram,1,0,1,0,https://s3-us-west-2.amazonaws.com/human-pangenomics/working/HPRC/HG01258/raw_data/PacBio_HiFi/m84046_231202_090949_s3.hifi_reads.bc2054.bam,,https://s3-us-west-2.amazonaws.com/human-pangenomics/working/HPRC/HG01258/raw_data/Illumina/child/HG01258.final.cram
HG01261,2,26.0,0,0,HG01261.final.cram,37.13,cram,1,0,1,0,https://s3-us-west-2.amazonaws.com/human-pangenomics/working/HPRC/HG01261/raw_data/PacBio_HiFi/m84081_230721_185800_s3.hifi_reads.bc2024.bam,,https://s3-us-west-2.amazonaws.com/human-pangenomics/working/HPRC/HG01261/raw_data/Illumina/child/HG01261.final.cram
HG01346,1,21.6,0,0,HG01346.final.cram,36.92,cram,1,0,1,0,https://s3-us-west-2.amazonaws.com/human-pangenomics/working/HPRC/HG01346/raw_data/PacBio_HiFi/m84046_230720_182350_s1.hifi_reads.bc2005.bam,,https://s3-us-west-2.amazonaws.com/human-pangenomics/working/HPRC/HG01346/raw_data/Illumina/child/HG01346.final.cram
HG01358,2,15.0,0,0,HG01358.final.cram,38.25,cram,1,0,1,0,https://s3-us-west-2.amazonaws.com/human-pangenomics/working/HPRC/HG01358/raw_data/PacBio_HiFi/m84046_231202_071034_s1.hifi_reads.bc2053.bam,,https://s3-us-west-2.amazonaws.com/human-pangenomics/working/HPRC/HG01358/raw_data/Illumina/child/HG01358.final.cram
HG01361,2,38.0,0,0,HG01361.final.cram,38.14,cram,1,0,1,0,https://s3-us-west-2.amazonaws.com/human-pangenomics/working/HPRC/HG01361/raw_data/PacBio_HiFi/m84046_230724_203319_s4.hifi_reads.bc2056.bam,,https://s3-us-west-2.amazonaws.com/human-pangenomics/working/HPRC/HG01361/raw_data/Illumina/child/HG01361.final.cram
HG01433,2,26.9,0,0,HG01433.final.cram,38.77,cram,1,0,1,0,https://s3-us-west-2.amazonaws.com/human-pangenomics/working/HPRC/HG01433/raw_data/PacBio_HiFi/m84081_230727_190726_s1.hifi_reads.default.bam,,https://s3-us-west-2.amazonaws.com/human-pangenomics/working/HPRC/HG01433/raw_data/Illumina/child/HG01433.final.cram
HG01496,1,24.4,0,0,HG01496.final.cram,34.29,cram,1,0,1,0,https://s3-us-west-2.amazonaws.com/human-pangenomics/working/HPRC/HG01496/raw_data/PacBio_HiFi/m84081_231112_030942_s3.hifi_reads.bc2080.bam,,https://s3-us-west-2.amazonaws.com/human-pangenomics/working/HPRC/HG01496/raw_data/Illumina/child/HG01496.final.cram
HG01530,3,10.6,0,0,HG01530.final.cram,35.42,cram,1,0,1,0,https://s3-us-west-2.amazonaws.com/human-pangenomics/working/HPRC/HG01530/raw_data/PacBio_HiFi/m84091_231208_194716_s4.hifi_reads.bc1021.bam,,https://s3-us-west-2.amazonaws.com/human-pangenomics/working/HPRC/HG01530/raw_data/Illumina/child/HG01530.final.cram
HG01784,1,21.0,0,0,HG01784.final.cram,35.17,cram,1,0,1,0,https://s3-us-west-2.amazonaws.com/human-pangenomics/working/HPRC/HG01784/raw_data/PacBio_HiFi/m84091_231120_182829_s1.hifi_reads.bc1019.bam,,https://s3-us-west-2.amazonaws.com/human-pangenomics/working/HPRC/HG01784/raw_data/Illumina/child/HG01784.final.cram
HG01786,2,73.6,3,79.9,HG01786.final.cram,57.26,cram,1,1,1,1,https://s3-us-west-2.amazonaws.com/human-pangenomics/working/HPRC/HG01786/raw_data/PacBio_HiFi/m84081_230616_172650_s1.hifi_reads.bc2012.bam,https://s3-us-west-2.amazonaws.com/human-pangenomics/working/HPRC/HG01786/raw_data/nanopore/dorado0.6.0_sup4.3.0_5mCG_5hmCG/11_28_23_R1041_HPRC_HG01786_3_dorado0.6.0_sup4.3.0_5mCG_5hmCG.bam,https://s3-us-west-2.amazonaws.com/human-pangenomics/working/HPRC/HG01786/raw_data/Illumina/child/HG01786.final.cram
HG01884,4,21.6,0,0,HG01884.final.cram,37.73,cram,1,0,1,0,https://s3-us-west-2.amazonaws.com/human-pangenomics/working/HPRC/HG01884/raw_data/PacBio_HiFi/m84046_230712_231732_s2.hifi_reads.default.bam,,https://s3-us-west-2.amazonaws.com/human-pangenomics/working/HPRC/HG01884/raw_data/Illumina/child/HG01884.final.cram
HG01891,1,21.2,0,0,HG01891.final.cram,36.83,cram,1,0,1,0,https://s3-us-west-2.amazonaws.com/human-pangenomics/working/HPRC/HG01891/raw_data/PacBio_HiFi/m84046_230712_224626_s1.hifi_reads.bc2066.bam,,https://s3-us-west-2.amazonaws.com/human-pangenomics/working/HPRC/HG01891/raw_data/Illumina/child/HG01891.final.cram
HG01928,4,20.1,0,0,HG01928.final.cram,38.32,cram,1,0,1,0,https://s3-us-west-2.amazonaws.com/human-pangenomics/working/HPRC/HG01928/raw_data/PacBio_HiFi/m84081_231222_081401_s1.hifi_reads.bc2022.bam,,https://s3-us-west-2.amazonaws.com/human-pangenomics/working/HPRC/HG01928/raw_data/Illumina/child/HG01928.final.cram
HG01934,3,40.9,0,0,HG01934.final.cram,39.22,cram,1,0,1,0,https://s3-us-west-2.amazonaws.com/human-pangenomics/working/HPRC/HG01934/raw_data/PacBio_HiFi/m84081_231117_193129_s1.hifi_reads.bc2088.bam,,https://s3-us-west-2.amazonaws.com/human-pangenomics/working/HPRC/HG01934/raw_data/Illumina/child/HG01934.final.cram
HG01940,1,18.5,0,0,HG01940.final.cram,37.31,cram,1,0,1,0,https://s3-us-west-2.amazonaws.com/human-pangenomics/working/HPRC/HG01940/raw_data/PacBio_HiFi/m84091_240110_191713_s4.hifi_reads.bc1010.bam,,https://s3-us-west-2.amazonaws.com/human-pangenomics/working/HPRC/HG01940/raw_data/Illumina/child/HG01940.final.cram
HG01943,2,32.0,0,0,HG01943.final.cram,35.67,cram,1,0,1,0,https://s3-us-west-2.amazonaws.com/human-pangenomics/working/HPRC/HG01943/raw_data/PacBio_HiFi/m84081_231122_210358_s4.hifi_reads.bc2093.bam,,https://s3-us-west-2.amazonaws.com/human-pangenomics/working/HPRC/HG01943/raw_data/Illumina/child/HG01943.final.cram
HG01952,4,9.2,0,0,HG01952.final.cram,36.69,cram,1,0,1,0,https://s3-us-west-2.amazonaws.com/human-pangenomics/working/HPRC/HG01952/raw_data/PacBio_HiFi/m84081_231222_081401_s1.hifi_reads.bc2029.bam,,https://s3-us-west-2.amazonaws.com/human-pangenomics/working/HPRC/HG01952/raw_data/Illumina/child/HG01952.final.cram
HG01960,1,16.6,0,0,HG01960.final.cram,39.06,cram,1,0,1,0,https://s3-us-west-2.amazonaws.com/human-pangenomics/working/HPRC/HG01960/raw_data/PacBio_HiFi/m84091_230817_150246_s3.hifi_reads.bc1012.bam,,https://s3-us-west-2.amazonaws.com/human-pangenomics/working/HPRC/HG01960/raw_data/Illumina/child/HG01960.final.cram
HG01969,1,19.4,0,0,HG01969.final.cram,37.98,cram,1,0,1,0,https://s3-us-west-2.amazonaws.com/human-pangenomics/working/HPRC/HG01969/raw_data/PacBio_HiFi/m84091_240110_201841_s2.hifi_reads.bc1002.bam,,https://s3-us-west-2.amazonaws.com/human-pangenomics/working/HPRC/HG01969/raw_data/Illumina/child/HG01969.final.cram
HG01975,2,23.7,0,0,HG01975.final.cram,38.54,cram,1,0,1,0,https://s3-us-west-2.amazonaws.com/human-pangenomics/working/HPRC/HG01975/raw_data/PacBio_HiFi/m84081_230721_185800_s3.hifi_reads.bc2025.bam,,https://s3-us-west-2.amazonaws.com/human-pangenomics/working/HPRC/HG01975/raw_data/Illumina/child/HG01975.final.cram
HG01978,4,8.4,0,0,HG01978.final.cram,40.31,cram,1,0,1,0,https://s3-us-west-2.amazonaws.com/human-pangenomics/working/HPRC/HG01978/raw_data/PacBio_HiFi/m84081_231222_081401_s1.hifi_reads.bc2021.bam,,https://s3-us-west-2.amazonaws.com/human-pangenomics/working/HPRC/HG01978/raw_data/Illumina/child/HG01978.final.cram
HG01981,3,24.3,0,0,HG01981.final.cram,36.75,cram,1,0,1,0,https://s3-us-west-2.amazonaws.com/human-pangenomics/working/HPRC/HG01981/raw_data/PacBio_HiFi/m84081_231124_014115_s1.hifi_reads.bc2091.bam,,https://s3-us-west-2.amazonaws.com/human-pangenomics/working/HPRC/HG01981/raw_data/Illumina/child/HG01981.final.cram
HG01993,3,33.3,0,0,HG01993.final.cram,36.57,cram,1,0,1,0,https://s3-us-west-2.amazonaws.com/human-pangenomics/working/HPRC/HG01993/raw_data/PacBio_HiFi/m84081_231119_015049_s1.hifi_reads.bc2085.bam,,https://s3-us-west-2.amazonaws.com/human-pangenomics/working/HPRC/HG01993/raw_data/Illumina/child/HG01993.final.cram
HG02004,2,21.9,0,0,HG02004.final.cram,37.26,cram,1,0,1,0,https://s3-us-west-2.amazonaws.com/human-pangenomics/working/HPRC/HG02004/raw_data/PacBio_HiFi/m84081_231027_205726_s4.hifi_reads.default.bam,,https://s3-us-west-2.amazonaws.com/human-pangenomics/working/HPRC/HG02004/raw_data/Illumina/child/HG02004.final.cram
HG02015,2,16.9,0,0,HG02015.final.cram,38.15,cram,1,0,1,0,https://s3-us-west-2.amazonaws.com/human-pangenomics/working/HPRC/HG02015/raw_data/PacBio_HiFi/m84081_230721_175633_s1.hifi_reads.bc1022.bam,,https://s3-us-west-2.amazonaws.com/human-pangenomics/working/HPRC/HG02015/raw_data/Illumina/child/HG02015.final.cram
HG02027,2,18.1,0,0,HG02027.final.cram,37.43,cram,1,0,1,0,https://s3-us-west-2.amazonaws.com/human-pangenomics/working/HPRC/HG02027/raw_data/PacBio_HiFi/m84081_231117_211338_s4.hifi_reads.bc2081.bam,,https://s3-us-west-2.amazonaws.com/human-pangenomics/working/HPRC/HG02027/raw_data/Illumina/child/HG02027.final.cram
HG02040,1,15.1,0,0,HG02040.final.cram,36.62,cram,1,0,1,0,https://s3-us-west-2.amazonaws.com/human-pangenomics/working/HPRC/HG02040/raw_data/PacBio_HiFi/m84046_230531_221339_s3.hifi_reads.bc2056.bam,,https://s3-us-west-2.amazonaws.com/human-pangenomics/working/HPRC/HG02040/raw_data/Illumina/child/HG02040.final.cram
HG02055,4,34.9,0,0,HG02055.final.cram,34.7,cram,1,0,1,0,https://s3-us-west-2.amazonaws.com/human-pangenomics/working/HPRC_PLUS/HG02055/raw_data/PacBio_HiFi/m84039_230303_005138_s2.hifi_reads.bc2010.bam,,https://s3-us-west-2.amazonaws.com/human-pangenomics/working/HPRC_PLUS/HG02055/raw_data/Illumina/child/HG02055.final.cram
HG02056,2,20.8,0,0,HG02056.final.cram,35.74,cram,1,0,1,0,https://s3-us-west-2.amazonaws.com/human-pangenomics/working/HPRC/HG02056/raw_data/PacBio_HiFi/m84081_230727_190726_s1.hifi_reads.bc2030.bam,,https://s3-us-west-2.amazonaws.com/human-pangenomics/working/HPRC/HG02056/raw_data/Illumina/child/HG02056.final.cram
HG02071,1,24.6,0,0,HG02071.final.cram,38.53,cram,1,0,1,0,https://s3-us-west-2.amazonaws.com/human-pangenomics/working/HPRC/HG02071/raw_data/PacBio_HiFi/m84046_230712_000908_s4.hifi_reads.default.bam,,https://s3-us-west-2.amazonaws.com/human-pangenomics/working/HPRC/HG02071/raw_data/Illumina/child/HG02071.final.cram
HG02074,1,35.7,0,0,HG02074.final.cram,46.03,cram,1,0,1,0,https://s3-us-west-2.amazonaws.com/human-pangenomics/working/HPRC/HG02074/raw_data/PacBio_HiFi/m84046_230624_204605_s4.hifi_reads.default.bam,,https://s3-us-west-2.amazonaws.com/human-pangenomics/working/HPRC/HG02074/raw_data/Illumina/child/HG02074.final.cram
HG02080,0,0,0,0,HG02080.final.cram,35.0,cram,0,0,1,0,,,https://s3-us-west-2.amazonaws.com/human-pangenomics/working/HPRC_PLUS/HG02080/raw_data/Illumina/child/HG02080.final.cram
HG02083,2,17.4,0,0,HG02083.final.cram,36.95,cram,1,0,1,0,https://s3-us-west-2.amazonaws.com/human-pangenomics/working/HPRC/HG02083/raw_data/PacBio_HiFi/m84081_231027_192451_s1.hifi_reads.default.bam,,https://s3-us-west-2.amazonaws.com/human-pangenomics/working/HPRC/HG02083/raw_data/Illumina/child/HG02083.final.cram
HG02109,4,35.3,0,0,,,,1,0,0,0,https://s3-us-west-2.amazonaws.com/human-pangenomics/working/HPRC_PLUS/HG02109/raw_data/PacBio_HiFi/m84036_230317_175945_s2.hifi_reads.bc2013.bam,,
HG02129,2,20.3,0,0,HG02129.final.cram,38.06,cram,1,0,1,0,https://s3-us-west-2.amazonaws.com/human-pangenomics/working/HPRC/HG02129/raw_data/PacBio_HiFi/m84081_230727_190726_s1.hifi_reads.bc2026.bam,,https://s3-us-west-2.amazonaws.com/human-pangenomics/working/HPRC/HG02129/raw_data/Illumina/child/HG02129.final.cram
HG02132,1,21.7,0,0,HG02132.final.cram,37.13,cram,1,0,1,0,https://s3-us-west-2.amazonaws.com/human-pangenomics/working/HPRC/HG02132/raw_data/PacBio_HiFi/m84046_230603_204152_s4.hifi_reads.default.bam,,https://s3-us-west-2.amazonaws.com/human-pangenomics/working/HPRC/HG02132/raw_data/Illumina/child/HG02132.final.cram
HG02135,5,18.4,0,0,HG02135.final.cram,38.0,cram,1,0,1,0,https://s3-us-west-2.amazonaws.com/human-pangenomics/working/HPRC/HG02135/raw_data/PacBio_HiFi/m84046_230707_202610_s3.hifi_reads.default.bam,,https://s3-us-west-2.amazonaws.com/human-pangenomics/working/HPRC/HG02135/raw_data/Illumina/child/HG02135.final.cram
HG02145,4,37.9,0,0,HG02145.final.cram,34.09,cram,1,0,1,0,https://s3-us-west-2.amazonaws.com/human-pangenomics/working/HPRC_PLUS/HG02145/raw_data/PacBio_HiFi/m84036_230317_175945_s2.hifi_reads.bc2014.bam,,https://s3-us-west-2.amazonaws.com/human-pangenomics/working/HPRC_PLUS/HG02145/raw_data/Illumina/child/HG02145.final.cram
HG02148,4,14.9,0,0,HG02148.final.cram,38.37,cram,1,0,1,0,https://s3-us-west-2.amazonaws.com/human-pangenomics/working/HPRC/HG02148/raw_data/PacBio_HiFi/m84081_231222_081401_s1.hifi_reads.bc2023.bam,,https://s3-us-west-2.amazonaws.com/human-pangenomics/working/HPRC/HG02148/raw_data/Illumina/child/HG02148.final.cram
HG02155,2,27.7,0,0,HG02155.final.cram,33.8,cram,1,0,1,0,https://s3-us-west-2.amazonaws.com/human-pangenomics/working/HPRC/HG02155/raw_data/PacBio_HiFi/m84081_230628_194051_s3.hifi_reads.bc1012.bam,,https://s3-us-west-2.amazonaws.com/human-pangenomics/working/HPRC/HG02155/raw_data/Illumina/child/HG02155.final.cram
HG02165,1,14.6,0,0,HG02165.final.cram,36.41,cram,1,0,1,0,https://s3-us-west-2.amazonaws.com/human-pangenomics/working/HPRC/HG02165/raw_data/PacBio_HiFi/m84046_230617_040148_s2.hifi_reads.bc2054.bam,,https://s3-us-west-2.amazonaws.com/human-pangenomics/working/HPRC/HG02165/raw_data/Illumina/child/HG02165.final.cram
HG02178,3,63.3,3,59.4,HG02178.final.cram,35.69,cram,1,1,1,1,https://s3-us-west-2.amazonaws.com/human-pangenomics/working/HPRC/HG02178/raw_data/PacBio_HiFi/m84091_230629_191221_s4.hifi_reads.bc1008.bam,https://s3-us-west-2.amazonaws.com/human-pangenomics/working/HPRC/HG02178/raw_data/nanopore/dorado0.6.0_sup4.3.0_5mCG_5hmCG/12_12_23_R1041_HPRC_HG02178_2_dorado0.6.0_sup4.3.0_5mCG_5hmCG.bam,https://s3-us-west-2.amazonaws.com/human-pangenomics/working/HPRC/HG02178/raw_data/Illumina/child/HG02178.final.cram
HG02257,1,24.7,0,0,HG02257.final.cram,37.58,cram,1,0,1,0,https://s3-us-west-2.amazonaws.com/human-pangenomics/working/HPRC/HG02257/raw_data/PacBio_HiFi/m84046_230628_182559_s4.hifi_reads.bc2064.bam,,https://s3-us-west-2.amazonaws.com/human-pangenomics/working/HPRC/HG02257/raw_data/Illumina/child/HG02257.final.cram
HG02258,2,19.6,0,0,HG02258.final.cram,36.73,cram,1,0,1,0,https://s3-us-west-2.amazonaws.com/human-pangenomics/working/HPRC/HG02258/raw_data/PacBio_HiFi/m84081_230721_185800_s3.hifi_reads.bc1011.bam,,https://s3-us-west-2.amazonaws.com/human-pangenomics/working/HPRC/HG02258/raw_data/Illumina/child/HG02258.final.cram
HG02273,2,12.4,0,0,HG02273.final.cram,35.55,cram,1,0,1,0,https://s3-us-west-2.amazonaws.com/human-pangenomics/working/HPRC/HG02273/raw_data/PacBio_HiFi/m84081_230630_190803_s1.hifi_reads.bc1002.bam,,https://s3-us-west-2.amazonaws.com/human-pangenomics/working/HPRC/HG02273/raw_data/Illumina/child/HG02273.final.cram
HG02280,2,34.5,0,0,HG02280.final.cram,39.44,cram,1,0,1,0,https://s3-us-west-2.amazonaws.com/human-pangenomics/working/HPRC/HG02280/raw_data/PacBio_HiFi/m84081_231117_211338_s4.hifi_reads.bc2087.bam,,https://s3-us-west-2.amazonaws.com/human-pangenomics/working/HPRC/HG02280/raw_data/Illumina/child/HG02280.final.cram
HG02293,3,25.0,0,0,HG02293.final.cram,36.27,cram,1,0,1,0,https://s3-us-west-2.amazonaws.com/human-pangenomics/working/HPRC/HG02293/raw_data/PacBio_HiFi/m84046_230718_233949_s3.hifi_reads.default.bam,,https://s3-us-west-2.amazonaws.com/human-pangenomics/working/HPRC/HG02293/raw_data/Illumina/child/HG02293.final.cram
HG02300,3,28.6,0,0,HG02300.final.cram,37.86,cram,1,0,1,0,https://s3-us-west-2.amazonaws.com/human-pangenomics/working/HPRC/HG02300/raw_data/PacBio_HiFi/m84046_230519_231055_s2.hifi_reads.default.bam,,https://s3-us-west-2.amazonaws.com/human-pangenomics/working/HPRC/HG02300/raw_data/Illumina/child/HG02300.final.cram
HG02391,1,10.0,0,0,HG02391.final.cram,34.77,cram,1,0,1,0,https://s3-us-west-2.amazonaws.com/human-pangenomics/working/HPRC/HG02391/raw_data/PacBio_HiFi/m84091_231120_185935_s2.hifi_reads.bc1010.bam,,https://s3-us-west-2.amazonaws.com/human-pangenomics/working/HPRC/HG02391/raw_data/Illumina/child/HG02391.final.cram
HG02392,5,62.2,3,76.8,HG02392.final.cram,35.91,cram,1,1,1,1,https://s3-us-west-2.amazonaws.com/human-pangenomics/working/HPRC/HG02392/raw_data/PacBio_HiFi/m84091_230629_181009_s2.hifi_reads.bc1002.bam,https://s3-us-west-2.amazonaws.com/human-pangenomics/working/HPRC/HG02392/raw_data/nanopore/dorado0.6.0_sup4.3.0_5mCG_5hmCG/10_31_23_R1041_HPRC_HG02392_2_dorado0.6.0_sup4.3.0_5mCG_5hmCG.bam,https://s3-us-west-2.amazonaws.com/human-pangenomics/working/HPRC/HG02392/raw_data/Illumina/child/HG02392.final.cram
HG02451,1,16.1,0,0,HG02451.final.cram,37.64,cram,1,0,1,0,https://s3-us-west-2.amazonaws.com/human-pangenomics/working/HPRC/HG02451/raw_data/PacBio_HiFi/m84046_230720_185410_s2.hifi_reads.bc2006.bam,,https://s3-us-west-2.amazonaws.com/human-pangenomics/working/HPRC/HG02451/raw_data/Illumina/child/HG02451.final.cram
HG02486,2,16.7,0,0,HG02486-111121_S6_L002_R2_001.fastq.gz,24.96,fastq,1,0,1,0,https://s3-us-west-2.amazonaws.com/human-pangenomics/working/HPRC/HG02486/raw_data/PacBio_HiFi/m84046_230707_195504_s2.hifi_reads.bc2067.bam,,https://s3-us-west-2.amazonaws.com/human-pangenomics/working/HPRC/HG02486/raw_data/Illumina/child/HG02486-111121_S6_L002_R2_001.fastq.gz
HG02514,1,19.7,0,0,HG02514.final.cram,39.46,cram,1,0,1,0,https://s3-us-west-2.amazonaws.com/human-pangenomics/working/HPRC/HG02514/raw_data/PacBio_HiFi/m84091_240110_194735_s1.hifi_reads.bc1001.bam,,https://s3-us-west-2.amazonaws.com/human-pangenomics/working/HPRC/HG02514/raw_data/Illumina/child/HG02514.final.cram
HG02523,4,31.0,0,0,HG02523.final.cram,36.25,cram,1,0,1,0,https://s3-us-west-2.amazonaws.com/human-pangenomics/working/HPRC/HG02523/raw_data/PacBio_HiFi/m84081_231027_195514_s2.hifi_reads.default.bam,,https://s3-us-west-2.amazonaws.com/human-pangenomics/working/HPRC/HG02523/raw_data/Illumina/child/HG02523.final.cram
HG02559,1,15.5,0,0,HG02599_S18_L004_R2_001.fastq.gz,1.13,fastq,1,0,1,0,https://s3-us-west-2.amazonaws.com/human-pangenomics/working/HPRC/HG02559/raw_data/PacBio_HiFi/m84046_230628_175536_s3.hifi_reads.bc2057.bam,,https://s3-us-west-2.amazonaws.com/human-pangenomics/working/HPRC/HG02559/raw_data/Illumina/child/HG02559_S18_L004_R2_001.fastq.gz
HG02572,1,22.6,0,0,HG02572.final.cram,36.6,cram,1,0,1,0,https://s3-us-west-2.amazonaws.com/human-pangenomics/working/HPRC/HG02572/raw_data/PacBio_HiFi/m84046_230711_233802_s3.hifi_reads.default.bam,,https://s3-us-west-2.amazonaws.com/human-pangenomics/working/HPRC/HG02572/raw_data/Illumina/child/HG02572.final.cram
HG02583,2,64.9,6,79.4,HG02583.final.cram,46.15,cram,1,1,1,1,https://s3-us-west-2.amazonaws.com/human-pangenomics/working/HPRC/HG02583/raw_data/PacBio_HiFi/m84091_230707_183012_s4.hifi_reads.bc1016.bam,https://s3-us-west-2.amazonaws.com/human-pangenomics/working/HPRC/HG02583/raw_data/nanopore/dorado0.6.0_sup4.3.0_5mCG_5hmCG/11_7_23_R1041_HPRC_HG02583_3_dorado0.6.0_sup4.3.0_5mCG_5hmCG.bam,https://s3-us-west-2.amazonaws.com/human-pangenomics/working/HPRC/HG02583/raw_data/Illumina/child/HG02583.final.cram
HG02602,3,27.3,0,0,HG02602.final.cram,38.55,cram,1,0,1,0,https://s3-us-west-2.amazonaws.com/human-pangenomics/working/HPRC/HG02602/raw_data/PacBio_HiFi/m84081_231119_015049_s1.hifi_reads.bc2083.bam,,https://s3-us-west-2.amazonaws.com/human-pangenomics/working/HPRC/HG02602/raw_data/Illumina/child/HG02602.final.cram
HG02615,1,36.3,0,0,HG02615.final.cram,39.15,cram,1,0,1,0,https://s3-us-west-2.amazonaws.com/human-pangenomics/working/HPRC/HG02615/raw_data/PacBio_HiFi/m84081_231105_031800_s4.hifi_reads.default.bam,,https://s3-us-west-2.amazonaws.com/human-pangenomics/working/HPRC/HG02615/raw_data/Illumina/child/HG02615.final.cram
HG02622,0,0,0,0,HG02622.final.cram,39.24,cram,0,0,1,0,,,https://s3-us-west-2.amazonaws.com/human-pangenomics/working/HPRC/HG02622/raw_data/Illumina/child/HG02622.final.cram
HG02630,0,0,0,0,HG02630.final.cram,39.8,cram,0,0,1,0,,,https://s3-us-west-2.amazonaws.com/human-pangenomics/working/HPRC/HG02630/raw_data/Illumina/child/HG02630.final.cram
HG02647,1,14.9,0,0,HG02647.final.cram,40.3,cram,1,0,1,0,https://s3-us-west-2.amazonaws.com/human-pangenomics/working/HPRC/HG02647/raw_data/PacBio_HiFi/m84046_230707_202610_s3.hifi_reads.bc2060.bam,,https://s3-us-west-2.amazonaws.com/human-pangenomics/working/HPRC/HG02647/raw_data/Illumina/child/HG02647.final.cram
HG02668,1,31.3,0,0,HG02668.final.cram,34.38,cram,1,0,1,0,https://s3-us-west-2.amazonaws.com/human-pangenomics/working/HPRC/HG02668/raw_data/PacBio_HiFi/m84091_230804_170925_s2.hifi_reads.bc1010.bam,,https://s3-us-west-2.amazonaws.com/human-pangenomics/working/HPRC/HG02668/raw_data/Illumina/child/HG02668.final.cram
HG02698,1,37.3,0,0,HG02698.final.cram,35.75,cram,1,0,1,0,https://s3-us-west-2.amazonaws.com/human-pangenomics/working/HPRC/HG02698/raw_data/PacBio_HiFi/m84081_231105_021548_s2.hifi_reads.default.bam,,https://s3-us-west-2.amazonaws.com/human-pangenomics/working/HPRC/HG02698/raw_data/Illumina/child/HG02698.final.cram
HG02717,0,0,0,0,HG02717.final.cram,38.68,cram,0,0,1,0,,,https://s3-us-west-2.amazonaws.com/human-pangenomics/working/HPRC/HG02717/raw_data/Illumina/child/HG02717.final.cram
HG02723,4,36.3,0,0,HG02723.final.cram,36.42,cram,1,0,1,0,https://s3-us-west-2.amazonaws.com/human-pangenomics/working/HPRC_PLUS/HG02723/raw_data/PacBio_HiFi/m84036_230317_175945_s2.hifi_reads.bc2012.bam,,https://s3-us-west-2.amazonaws.com/human-pangenomics/working/HPRC_PLUS/HG02723/raw_data/Illumina/child/HG02723.final.cram
HG02735,4,23.0,0,0,HG02735.final.cram,39.12,cram,1,0,1,0,https://s3-us-west-2.amazonaws.com/human-pangenomics/working/HPRC/HG02735/raw_data/PacBio_HiFi/m84046_230703_225306_s4.hifi_reads.bc2062.bam,,https://s3-us-west-2.amazonaws.com/human-pangenomics/working/HPRC/HG02735/raw_data/Illumina/child/HG02735.final.cram
HG02738,2,27.7,0,0,HG02738.final.cram,44.89,cram,1,0,1,0,https://s3-us-west-2.amazonaws.com/human-pangenomics/working/HPRC/HG02738/raw_data/PacBio_HiFi/m84046_230623_213746_s2.hifi_reads.default.bam,,https://s3-us-west-2.amazonaws.com/human-pangenomics/working/HPRC/HG02738/raw_data/Illumina/child/HG02738.final.cram
HG02809,3,30.9,0,0,HG02809.final.cram,37.42,cram,1,0,1,0,https://s3-us-west-2.amazonaws.com/human-pangenomics/working/HPRC/HG02809/raw_data/PacBio_HiFi/m84081_231117_193129_s1.hifi_reads.bc2089.bam,,https://s3-us-west-2.amazonaws.com/human-pangenomics/working/HPRC/HG02809/raw_data/Illumina/child/HG02809.final.cram
HG02818,0,0,3,65.8,HG02818.final.cram,35.39,cram,0,1,1,0,,https://s3-us-west-2.amazonaws.com/human-pangenomics/working/HPRC_PLUS/HG02818/raw_data/nanopore/dorado0.7.2_sup4.1.0_5mCG_5hmCG/02_22_23_R1041_HG02818_1_dorado0.7.2_sup4.1.0_5mCG_5hmCG.bam,https://s3-us-west-2.amazonaws.com/human-pangenomics/working/HPRC_PLUS/HG02818/raw_data/Illumina/child/HG02818.final.cram
HG02841,3,25.3,0,0,HG02841.final.cram,37.58,cram,1,0,1,0,https://s3-us-west-2.amazonaws.com/human-pangenomics/working/HPRC/HG02841/raw_data/PacBio_HiFi/m84091_230905_192642_s1.hifi_reads.bc1015.bam,,https://s3-us-west-2.amazonaws.com/human-pangenomics/working/HPRC/HG02841/raw_data/Illumina/child/HG02841.final.cram
HG02886,0,0,0,0,HG02886.final.cram,40.81,cram,0,0,1,0,,,https://s3-us-west-2.amazonaws.com/human-pangenomics/working/HPRC/HG02886/raw_data/Illumina/child/HG02886.final.cram
HG02922,1,6.5,0,0,HG02922.final.cram,34.9,cram,1,0,1,0,https://s3-us-west-2.amazonaws.com/human-pangenomics/working/HPRC/HG02922/raw_data/PacBio_HiFi/m84046_230617_040148_s2.hifi_reads.bc2053.bam,,https://s3-us-west-2.amazonaws.com/human-pangenomics/working/HPRC/HG02922/raw_data/Illumina/child/HG02922.final.cram
HG02965,2,21.8,0,0,HG02965.final.cram,37.22,cram,1,0,1,0,https://s3-us-west-2.amazonaws.com/human-pangenomics/working/HPRC/HG02965/raw_data/PacBio_HiFi/m84081_230628_183924_s1.hifi_reads.bc1017.bam,,https://s3-us-west-2.amazonaws.com/human-pangenomics/working/HPRC/HG02965/raw_data/Illumina/child/HG02965.final.cram
HG02976,2,22.1,0,0,HG02976.final.cram,36.84,cram,1,0,1,0,https://s3-us-west-2.amazonaws.com/human-pangenomics/working/HPRC/HG02976/raw_data/PacBio_HiFi/m84081_230630_190803_s1.hifi_reads.bc1009.bam,,https://s3-us-west-2.amazonaws.com/human-pangenomics/working/HPRC/HG02976/raw_data/Illumina/child/HG02976.final.cram
HG02984,1,23.4,0,0,HG02984.final.cram,39.41,cram,1,0,1,0,https://s3-us-west-2.amazonaws.com/human-pangenomics/working/HPRC/HG02984/raw_data/PacBio_HiFi/m84091_231004_192043_s3.hifi_reads.bc1016.bam,,https://s3-us-west-2.amazonaws.com/human-pangenomics/working/HPRC/HG02984/raw_data/Illumina/child/HG02984.final.cram
HG03017,3,17.0,0,0,HG03017.final.cram,38.0,cram,1,0,1,0,https://s3-us-west-2.amazonaws.com/human-pangenomics/working/HPRC/HG03017/raw_data/PacBio_HiFi/m84046_230707_202610_s3.hifi_reads.bc2058.bam,,https://s3-us-west-2.amazonaws.com/human-pangenomics/working/HPRC/HG03017/raw_data/Illumina/child/HG03017.final.cram
HG03041,3,16.7,0,0,HG03041.final.cram,36.22,cram,1,0,1,0,https://s3-us-west-2.amazonaws.com/human-pangenomics/working/HPRC/HG03041/raw_data/PacBio_HiFi/m84046_230720_182350_s1.hifi_reads.bc2003.bam,,https://s3-us-west-2.amazonaws.com/human-pangenomics/working/HPRC/HG03041/raw_data/Illumina/child/HG03041.final.cram
HG03050,1,10.5,0,0,HG03050.final.cram,35.54,cram,1,0,1,0,https://s3-us-west-2.amazonaws.com/human-pangenomics/working/HPRC/HG03050/raw_data/PacBio_HiFi/m84091_230905_205913_s4.hifi_reads.bc1017.bam,,https://s3-us-west-2.amazonaws.com/human-pangenomics/working/HPRC/HG03050/raw_data/Illumina/child/HG03050.final.cram
HG03098,0,0,0,0,HG03098.final.cram,34.03,cram,0,0,1,0,,,https://s3-us-west-2.amazonaws.com/human-pangenomics/working/HPRC_PLUS/HG03098/raw_data/Illumina/child/HG03098.final.cram
HG03130,1,19.1,0,0,HG03130.final.cram,48.01,cram,1,0,1,0,https://s3-us-west-2.amazonaws.com/human-pangenomics/working/HPRC/HG03130/raw_data/PacBio_HiFi/m84046_230602_213334_s2.hifi_reads.bc2018.bam,,https://s3-us-west-2.amazonaws.com/human-pangenomics/working/HPRC/HG03130/raw_data/Illumina/child/HG03130.final.cram
HG03139,2,12.6,0,0,HG03139.final.cram,38.95,cram,1,0,1,0,https://s3-us-west-2.amazonaws.com/human-pangenomics/working/HPRC/HG03139/raw_data/PacBio_HiFi/m84046_230623_210640_s1.hifi_reads.bc2019.bam,,https://s3-us-west-2.amazonaws.com/human-pangenomics/working/HPRC/HG03139/raw_data/Illumina/child/HG03139.final.cram
HG03195,6,26.8,0,0,HG03195.final.cram,36.28,cram,1,0,1,0,https://s3-us-west-2.amazonaws.com/human-pangenomics/working/HPRC/HG03195/raw_data/PacBio_HiFi/m84081_230628_183924_s1.hifi_reads.bc1010.bam,,https://s3-us-west-2.amazonaws.com/human-pangenomics/working/HPRC/HG03195/raw_data/Illumina/child/HG03195.final.cram
HG03209,1,17.7,0,0,HG03209.final.cram,35.79,cram,1,0,1,0,https://s3-us-west-2.amazonaws.com/human-pangenomics/working/HPRC/HG03209/raw_data/PacBio_HiFi/m84046_230617_033126_s1.hifi_reads.bc2020.bam,,https://s3-us-west-2.amazonaws.com/human-pangenomics/working/HPRC/HG03209/raw_data/Illumina/child/HG03209.final.cram
HG03225,2,18.5,0,0,HG03225.final.cram,36.02,cram,1,0,1,0,https://s3-us-west-2.amazonaws.com/human-pangenomics/working/HPRC/HG03225/raw_data/PacBio_HiFi/m84081_230630_201015_s3.hifi_reads.bc1008.bam,,https://s3-us-west-2.amazonaws.com/human-pangenomics/working/HPRC/HG03225/raw_data/Illumina/child/HG03225.final.cram
HG03239,2,18.1,0,0,HG03239.final.cram,34.35,cram,1,0,1,0,https://s3-us-west-2.amazonaws.com/human-pangenomics/working/HPRC/HG03239/raw_data/PacBio_HiFi/m84046_230703_225306_s4.hifi_reads.bc2063.bam,,https://s3-us-west-2.amazonaws.com/human-pangenomics/working/HPRC/HG03239/raw_data/Illumina/child/HG03239.final.cram
HG03270,2,64.6,4,73.8,HG03270.final.cram,61.15,cram,1,1,1,1,https://s3-us-west-2.amazonaws.com/human-pangenomics/working/HPRC/HG03270/raw_data/PacBio_HiFi/m84091_230707_175906_s3.hifi_reads.bc1015.bam,https://s3-us-west-2.amazonaws.com/human-pangenomics/working/HPRC/HG03270/raw_data/nanopore/dorado0.6.0_sup4.3.0_5mCG_5hmCG/10_24_23_R1041_HPRC_HG03270_4_dorado0.6.0_sup4.3.0_5mCG_5hmCG.bam,https://s3-us-west-2.amazonaws.com/human-pangenomics/working/HPRC/HG03270/raw_data/Illumina/child/HG03270.final.cram
HG03369,2,61.5,3,57.2,HG03369.final.cram,44.77,cram,1,1,1,1,https://s3-us-west-2.amazonaws.com/human-pangenomics/working/HPRC/HG03369/raw_data/PacBio_HiFi/m84091_230721_145006_s3.hifi_reads.bc1009.bam,https://s3-us-west-2.amazonaws.com/human-pangenomics/working/HPRC/HG03369/raw_data/nanopore/dorado0.6.0_sup4.3.0_5mCG_5hmCG/10_10_23_R1041_HPRC_HG03369_3_dorado0.6.0_sup4.3.0_5mCG_5hmCG.bam,https://s3-us-west-2.amazonaws.com/human-pangenomics/working/HPRC/HG03369/raw_data/Illumina/child/HG03369.final.cram
HG03453,0,0,0,0,HG03453.final.cram,35.39,cram,0,0,1,0,,,https://s3-us-west-2.amazonaws.com/human-pangenomics/working/HPRC/HG03453/raw_data/Illumina/child/HG03453.final.cram
HG03470,2,22.1,0,0,HG03470.final.cram,38.84,cram,1,0,1,0,https://s3-us-west-2.amazonaws.com/human-pangenomics/working/HPRC/HG03470/raw_data/PacBio_HiFi/m84091_230705_174256_s2.hifi_reads.bc1009.bam,,https://s3-us-west-2.amazonaws.com/human-pangenomics/working/HPRC/HG03470/raw_data/Illumina/child/HG03470.final.cram
HG03471,0,0,0,0,HG03471-111121_S5_L002_R2_001.fastq.gz,18.93,fastq,0,0,1,0,,,https://s3-us-west-2.amazonaws.com/human-pangenomics/working/HPRC/HG03471/raw_data/Illumina/child/HG03471-111121_S5_L002_R2_001.fastq.gz
HG03486,0,0,3,50.6,HG03486.final.cram,34.85,cram,0,1,1,0,,https://s3-us-west-2.amazonaws.com/human-pangenomics/working/HPRC_PLUS/HG03486/raw_data/nanopore/dorado0.7.2_sup4.1.0_5mCG_5hmCG/02_15_23_R1041_HG03486_1_dorado0.7.2_sup4.1.0_5mCG_5hmCG.bam,https://s3-us-west-2.amazonaws.com/human-pangenomics/working/HPRC_PLUS/HG03486/raw_data/Illumina/child/HG03486.final.cram
HG03516,1,22.5,0,0,HG03516.final.cram,33.41,cram,1,0,1,0,https://s3-us-west-2.amazonaws.com/human-pangenomics/working/HPRC/HG03516/raw_data/PacBio_HiFi/m84046_231202_110908_s4.hifi_reads.bc2056.bam,,https://s3-us-west-2.amazonaws.com/human-pangenomics/working/HPRC/HG03516/raw_data/Illumina/child/HG03516.final.cram
HG03521,3,67.3,3,87.0,HG03521.final.cram,37.35,cram,1,1,1,1,https://s3-us-west-2.amazonaws.com/human-pangenomics/working/HPRC/HG03521/raw_data/PacBio_HiFi/m84046_230715_064007_s2.hifi_reads.bc2084.bam,https://s3-us-west-2.amazonaws.com/human-pangenomics/working/HPRC/HG03521/raw_data/nanopore/dorado0.6.0_sup4.3.0_5mCG_5hmCG/10_24_23_R1041_HPRC_HG03521_3_dorado0.6.0_sup4.3.0_5mCG_5hmCG.bam,https://s3-us-west-2.amazonaws.com/human-pangenomics/working/HPRC/HG03521/raw_data/Illumina/child/HG03521.final.cram
HG03540,0,0,0,0,HG03540.final.cram,39.56,cram,0,0,1,0,,,https://s3-us-west-2.amazonaws.com/human-pangenomics/working/HPRC/HG03540/raw_data/Illumina/child/HG03540.final.cram
HG03579,0,0,0,0,HG03579.final.cram,35.09,cram,0,0,1,0,,,https://s3-us-west-2.amazonaws.com/human-pangenomics/working/HPRC/HG03579/raw_data/Illumina/child/HG03579.final.cram
HG03583,4,57.1,3,43.1,HG03583.final.cram,35.93,cram,1,1,1,1,https://s3-us-west-2.amazonaws.com/human-pangenomics/working/HPRC/HG03583/raw_data/PacBio_HiFi/m84091_230712_170232_s2.hifi_reads.bc1020.bam,https://s3-us-west-2.amazonaws.com/human-pangenomics/working/HPRC/HG03583/raw_data/nanopore/dorado0.6.0_sup4.3.0_5mCG_5hmCG/10_31_23_R1041_HPRC_HG03583_1_dorado0.6.0_sup4.3.0_5mCG_5hmCG.bam,https://s3-us-west-2.amazonaws.com/human-pangenomics/working/HPRC/HG03583/raw_data/Illumina/child/HG03583.final.cram
HG03654,1,24.8,0,0,HG03654.final.cram,36.16,cram,1,0,1,0,https://s3-us-west-2.amazonaws.com/human-pangenomics/working/HPRC/HG03654/raw_data/PacBio_HiFi/m84081_231112_023836_s2.hifi_reads.default.bam,,https://s3-us-west-2.amazonaws.com/human-pangenomics/working/HPRC/HG03654/raw_data/Illumina/child/HG03654.final.cram
HG03669,3,30.5,0,0,HG03669.final.cram,37.7,cram,1,0,1,0,https://s3-us-west-2.amazonaws.com/human-pangenomics/working/HPRC/HG03669/raw_data/PacBio_HiFi/m84081_231124_014115_s1.hifi_reads.default.bam,,https://s3-us-west-2.amazonaws.com/human-pangenomics/working/HPRC/HG03669/raw_data/Illumina/child/HG03669.final.cram
HG03688,1,19.6,0,0,HG03688.final.cram,37.02,cram,1,0,1,0,https://s3-us-west-2.amazonaws.com/human-pangenomics/working/HPRC/HG03688/raw_data/PacBio_HiFi/m84046_230707_195504_s2.hifi_reads.default.bam,,https://s3-us-west-2.amazonaws.com/human-pangenomics/working/HPRC/HG03688/raw_data/Illumina/child/HG03688.final.cram
HG03704,2,18.9,0,0,HG03704.final.cram,36.58,cram,1,0,1,0,https://s3-us-west-2.amazonaws.com/human-pangenomics/working/HPRC/HG03704/raw_data/PacBio_HiFi/m84046_230720_185410_s2.hifi_reads.bc2002.bam,,https://s3-us-west-2.amazonaws.com/human-pangenomics/working/HPRC/HG03704/raw_data/Illumina/child/HG03704.final.cram
HG03710,3,40.8,0,0,HG03710.final.cram,37.3,cram,1,0,1,0,https://s3-us-west-2.amazonaws.com/human-pangenomics/working/HPRC/HG03710/raw_data/PacBio_HiFi/m84081_231117_193129_s1.hifi_reads.bc2082.bam,,https://s3-us-west-2.amazonaws.com/human-pangenomics/working/HPRC/HG03710/raw_data/Illumina/child/HG03710.final.cram
HG03742,1,13.2,0,0,HG03742.final.cram,38.43,cram,1,0,1,0,https://s3-us-west-2.amazonaws.com/human-pangenomics/working/HPRC/HG03742/raw_data/PacBio_HiFi/m84091_231120_193041_s3.hifi_reads.bc1020.bam,,https://s3-us-west-2.amazonaws.com/human-pangenomics/working/HPRC/HG03742/raw_data/Illumina/child/HG03742.final.cram
HG03784,2,62.5,3,57.4,HG03784.final.cram,37.52,cram,1,1,1,1,https://s3-us-west-2.amazonaws.com/human-pangenomics/working/HPRC/HG03784/raw_data/PacBio_HiFi/m84081_230624_213331_s3.hifi_reads.bc2017.bam,https://s3-us-west-2.amazonaws.com/human-pangenomics/working/HPRC/HG03784/raw_data/nanopore/dorado0.6.0_sup4.3.0_5mCG_5hmCG/10_17_23_R1041_HPRC_HG03784_1_dorado0.6.0_sup4.3.0_5mCG_5hmCG.bam,https://s3-us-west-2.amazonaws.com/human-pangenomics/working/HPRC/HG03784/raw_data/Illumina/child/HG03784.final.cram
HG03804,1,33.6,0,0,HG03804.final.cram,34.27,cram,1,0,1,0,https://s3-us-west-2.amazonaws.com/human-pangenomics/working/HPRC/HG03804/raw_data/PacBio_HiFi/m84091_230804_181137_s4.hifi_reads.bc1002.bam,,https://s3-us-west-2.amazonaws.com/human-pangenomics/working/HPRC/HG03804/raw_data/Illumina/child/HG03804.final.cram
HG03816,1,25.9,0,0,HG03816.final.cram,33.06,cram,1,0,1,0,https://s3-us-west-2.amazonaws.com/human-pangenomics/working/HPRC/HG03816/raw_data/PacBio_HiFi/m84091_230802_183430_s4.hifi_reads.bc1009.bam,,https://s3-us-west-2.amazonaws.com/human-pangenomics/working/HPRC/HG03816/raw_data/Illumina/child/HG03816.final.cram
HG03831,3,39.9,0,0,HG03831.final.cram,35.69,cram,1,0,1,0,https://s3-us-west-2.amazonaws.com/human-pangenomics/working/HPRC/HG03831/raw_data/PacBio_HiFi/m84081_231119_015049_s1.hifi_reads.bc2084.bam,,https://s3-us-west-2.amazonaws.com/human-pangenomics/working/HPRC/HG03831/raw_data/Illumina/child/HG03831.final.cram
HG03834,2,26.1,0,0,HG03834.final.cram,35.42,cram,1,0,1,0,https://s3-us-west-2.amazonaws.com/human-pangenomics/working/HPRC/HG03834/raw_data/PacBio_HiFi/m84081_230630_201015_s3.hifi_reads.bc1012.bam,,https://s3-us-west-2.amazonaws.com/human-pangenomics/working/HPRC/HG03834/raw_data/Illumina/child/HG03834.final.cram
HG03874,3,61.6,5,84.4,HG03874.final.cram,38.11,cram,1,1,1,1,https://s3-us-west-2.amazonaws.com/human-pangenomics/working/HPRC/HG03874/raw_data/PacBio_HiFi/m84091_230712_163213_s1.hifi_reads.bc1012.bam,https://s3-us-west-2.amazonaws.com/human-pangenomics/working/HPRC/HG03874/raw_data/nanopore/dorado0.6.0_sup4.3.0_5mCG_5hmCG/01_23_24_R1041_HPRC_HG03874_2_dorado0.6.0_sup4.3.0_5mCG_5hmCG.bam,https://s3-us-west-2.amazonaws.com/human-pangenomics/working/HPRC/HG03874/raw_data/Illumina/child/HG03874.final.cram
HG03927,1,16.0,0,0,HG03927.final.cram,35.32,cram,1,0,1,0,https://s3-us-west-2.amazonaws.com/human-pangenomics/working/HPRC/HG03927/raw_data/PacBio_HiFi/m84046_230628_213236_s2.hifi_reads.default.bam,,https://s3-us-west-2.amazonaws.com/human-pangenomics/working/HPRC/HG03927/raw_data/Illumina/child/HG03927.final.cram
HG03942,1,22.4,0,0,HG03942.final.cram,36.07,cram,1,0,1,0,https://s3-us-west-2.amazonaws.com/human-pangenomics/working/HPRC/HG03942/raw_data/PacBio_HiFi/m84046_230711_230656_s2.hifi_reads.default.bam,,https://s3-us-west-2.amazonaws.com/human-pangenomics/working/HPRC/HG03942/raw_data/Illumina/child/HG03942.final.cram
HG04115,1,33.2,0,0,HG04115.final.cram,34.91,cram,1,0,1,0,https://s3-us-west-2.amazonaws.com/human-pangenomics/working/HPRC/HG04115/raw_data/PacBio_HiFi/m84046_230624_201459_s3.hifi_reads.default.bam,,https://s3-us-west-2.amazonaws.com/human-pangenomics/working/HPRC/HG04115/raw_data/Illumina/child/HG04115.final.cram
HG04157,1,25.5,0,0,HG04157.final.cram,37.15,cram,1,0,1,0,https://s3-us-west-2.amazonaws.com/human-pangenomics/working/HPRC/HG04157/raw_data/PacBio_HiFi/m84091_230817_143140_s2.hifi_reads.bc1008.bam,,https://s3-us-west-2.amazonaws.com/human-pangenomics/working/HPRC/HG04157/raw_data/Illumina/child/HG04157.final.cram
HG04160,1,27.1,0,0,HG04160.final.cram,35.59,cram,1,0,1,0,https://s3-us-west-2.amazonaws.com/human-pangenomics/working/HPRC/HG04160/raw_data/PacBio_HiFi/m84091_230802_180324_s3.hifi_reads.bc1003.bam,,https://s3-us-west-2.amazonaws.com/human-pangenomics/working/HPRC/HG04160/raw_data/Illumina/child/HG04160.final.cram
HG04184,2,19.8,0,0,HG04184.final.cram,34.59,cram,1,0,1,0,https://s3-us-west-2.amazonaws.com/human-pangenomics/working/HPRC/HG04184/raw_data/PacBio_HiFi/m84046_230602_213334_s2.hifi_reads.default.bam,,https://s3-us-west-2.amazonaws.com/human-pangenomics/working/HPRC/HG04184/raw_data/Illumina/child/HG04184.final.cram
HG04187,1,28.4,0,0,HG04187.final.cram,35.87,cram,1,0,1,0,https://s3-us-west-2.amazonaws.com/human-pangenomics/working/HPRC/HG04187/raw_data/PacBio_HiFi/m84091_230802_173218_s2.hifi_reads.bc1001.bam,,https://s3-us-west-2.amazonaws.com/human-pangenomics/working/HPRC/HG04187/raw_data/Illumina/child/HG04187.final.cram
HG04199,1,30.1,0,0,HG04199.final.cram,35.63,cram,1,0,1,0,https://s3-us-west-2.amazonaws.com/human-pangenomics/working/HPRC/HG04199/raw_data/PacBio_HiFi/m84046_230703_225306_s4.hifi_reads.default.bam,,https://s3-us-west-2.amazonaws.com/human-pangenomics/working/HPRC/HG04199/raw_data/Illumina/child/HG04199.final.cram
HG04204,1,20.1,0,0,HG04204.final.cram,36.29,cram,1,0,1,0,https://s3-us-west-2.amazonaws.com/human-pangenomics/working/HPRC/HG04204/raw_data/PacBio_HiFi/m84046_230623_213746_s2.hifi_reads.bc1003.bam,,https://s3-us-west-2.amazonaws.com/human-pangenomics/working/HPRC/HG04204/raw_data/Illumina/child/HG04204.final.cram
HG04228,1,15.4,0,0,HG04228.final.cram,36.36,cram,1,0,1,0,https://s3-us-west-2.amazonaws.com/human-pangenomics/working/HPRC/HG04228/raw_data/PacBio_HiFi/m84046_230617_033126_s1.hifi_reads.default.bam,,https://s3-us-west-2.amazonaws.com/human-pangenomics/working/HPRC/HG04228/raw_data/Illumina/child/HG04228.final.cram
HG06807,2,22.8,3,71.9,HTTMGDSX2_CCTGCAAGAC-GCATCATAGC_L002_R2.fastq.gz,17.9,fastq,1,1,1,1,https://s3-us-west-2.amazonaws.com/human-pangenomics/working/HPRC_PLUS/HG06807/raw_data/PacBio_HiFi/m84081_230630_190803_s1.hifi_reads.bc1008.bam,https://s3-us-west-2.amazonaws.com/human-pangenomics/working/HPRC_PLUS/HG06807/raw_data/nanopore/dorado0.7.1_sup5.0.0_5mCG_5hmCG/01_09_24_R1041_Q27chem_UL_HG06807_1_dorado0.7.1_sup5.0.0_5mCG_5hmCG.bam,https://s3-us-west-2.amazonaws.com/human-pangenomics/working/HPRC_PLUS/HG06807/raw_data/Illumina/child/HTTMGDSX2_CCTGCAAGAC-GCATCATAGC_L002_R2.fastq.gz
NA18505,3,61.4,4,80.4,NA18505.final.cram,41.03,cram,1,1,1,1,https://s3-us-west-2.amazonaws.com/human-pangenomics/working/HPRC/NA18505/raw_data/PacBio_HiFi/m84091_230718_154039_s1.hifi_reads.bc1021.bam,https://s3-us-west-2.amazonaws.com/human-pangenomics/working/HPRC/NA18505/raw_data/nanopore/dorado0.6.0_sup4.3.0_5mCG_5hmCG/10_24_23_R1041_HPRC_NA18505_4_dorado0.6.0_sup4.3.0_5mCG_5hmCG.bam,https://s3-us-west-2.amazonaws.com/human-pangenomics/working/HPRC/NA18505/raw_data/Illumina/child/NA18505.final.cram
NA18508,3,61.3,3,79.7,NA18508.final.cram,51.25,cram,1,1,1,1,https://s3-us-west-2.amazonaws.com/human-pangenomics/working/HPRC/NA18508/raw_data/PacBio_HiFi/m84046_230513_215634_s1.hifi_reads.bc2001.bam,https://s3-us-west-2.amazonaws.com/human-pangenomics/working/HPRC/NA18508/raw_data/nanopore/dorado0.6.0_sup4.3.0_5mCG_5hmCG/09_12_23_R1041_HPRC_NA18508_1_dorado0.6.0_sup4.3.0_5mCG_5hmCG.bam,https://s3-us-west-2.amazonaws.com/human-pangenomics/working/HPRC/NA18508/raw_data/Illumina/child/NA18508.final.cram
NA18522,2,18.9,0,0,NA18522.final.cram,33.68,cram,1,0,1,0,https://s3-us-west-2.amazonaws.com/human-pangenomics/working/HPRC/NA18522/raw_data/PacBio_HiFi/m84046_230603_204152_s4.hifi_reads.bc2021.bam,,https://s3-us-west-2.amazonaws.com/human-pangenomics/working/HPRC/NA18522/raw_data/Illumina/child/NA18522.final.cram
NA18565,3,62.9,6,59.6,NA18565.final.cram,56.83,cram,1,1,1,1,https://s3-us-west-2.amazonaws.com/human-pangenomics/working/HPRC/NA18565/raw_data/PacBio_HiFi/m84081_230714_201817_s1.hifi_reads.bc2020.bam,https://s3-us-west-2.amazonaws.com/human-pangenomics/working/HPRC/NA18565/raw_data/nanopore/dorado0.6.0_sup4.3.0_5mCG_5hmCG/10_10_23_R1041_HPRC_NA18565_3_dorado0.6.0_sup4.3.0_5mCG_5hmCG.bam,https://s3-us-west-2.amazonaws.com/human-pangenomics/working/HPRC/NA18565/raw_data/Illumina/child/NA18565.final.cram
NA18570,1,16.2,0,0,NA18570.final.cram,34.79,cram,1,0,1,0,https://s3-us-west-2.amazonaws.com/human-pangenomics/working/HPRC/NA18570/raw_data/PacBio_HiFi/m84091_231120_193041_s3.hifi_reads.bc1012.bam,,https://s3-us-west-2.amazonaws.com/human-pangenomics/working/HPRC/NA18570/raw_data/Illumina/child/NA18570.final.cram
NA18608,4,61.7,3,76.8,NA18608.final.cram,35.33,cram,1,1,1,1,https://s3-us-west-2.amazonaws.com/human-pangenomics/working/HPRC/NA18608/raw_data/PacBio_HiFi/m84081_230601_202307_s1.hifi_reads.bc2007.bam,https://s3-us-west-2.amazonaws.com/human-pangenomics/working/HPRC/NA18608/raw_data/nanopore/dorado0.6.0_sup4.3.0_5mCG_5hmCG/10_31_23_R1041_HPRC_NA18608_1_dorado0.6.0_sup4.3.0_5mCG_5hmCG.bam,https://s3-us-west-2.amazonaws.com/human-pangenomics/working/HPRC/NA18608/raw_data/Illumina/child/NA18608.final.cram
NA18620,2,68.2,6,78.7,NA18620.final.cram,38.89,cram,1,1,1,1,https://s3-us-west-2.amazonaws.com/human-pangenomics/working/HPRC/NA18620/raw_data/PacBio_HiFi/m84091_230703_172326_s3.hifi_reads.bc1009.bam,https://s3-us-west-2.amazonaws.com/human-pangenomics/working/HPRC/NA18620/raw_data/nanopore/dorado0.6.0_sup4.3.0_5mCG_5hmCG/01_16_24_R1041_HPRC_NA18620_2_dorado0.6.0_sup4.3.0_5mCG_5hmCG.bam,https://s3-us-west-2.amazonaws.com/human-pangenomics/working/HPRC/NA18620/raw_data/Illumina/child/NA18620.final.cram
NA18747,1,17.1,0,0,NA18747.final.cram,35.93,cram,1,0,1,0,https://s3-us-west-2.amazonaws.com/human-pangenomics/working/HPRC/NA18747/raw_data/PacBio_HiFi/m84046_230531_214232_s2.hifi_reads.bc2011.bam,,https://s3-us-west-2.amazonaws.com/human-pangenomics/working/HPRC/NA18747/raw_data/Illumina/child/NA18747.final.cram
NA18879,5,63.8,3,54.7,NA18879.final.cram,43.62,cram,1,1,1,1,https://s3-us-west-2.amazonaws.com/human-pangenomics/working/HPRC/NA18879/raw_data/PacBio_HiFi/m84046_230728_205153_s4.hifi_reads.bc2089.bam,https://s3-us-west-2.amazonaws.com/human-pangenomics/working/HPRC/NA18879/raw_data/nanopore/dorado0.6.0_sup4.3.0_5mCG_5hmCG/08_08_23_R1041_HPRC_NA18879_2_dorado0.6.0_sup4.3.0_5mCG_5hmCG.bam,https://s3-us-west-2.amazonaws.com/human-pangenomics/working/HPRC/NA18879/raw_data/Illumina/child/NA18879.final.cram
NA18906,0,0,3,61.7,NA18906.final.cram,33.09,cram,0,1,1,0,,https://s3-us-west-2.amazonaws.com/human-pangenomics/working/HPRC_PLUS/NA18906/raw_data/nanopore/dorado0.7.2_sup4.1.0_5mCG_5hmCG/02_15_23_R1041_NA18906_1_dorado0.7.2_sup4.1.0_5mCG_5hmCG.bam,https://s3-us-west-2.amazonaws.com/human-pangenomics/working/HPRC_PLUS/NA18906/raw_data/Illumina/child/NA18906.final.cram
NA18940,0,0,4,94.1,NA18940.final.fq.gz,34.39,fastq,0,1,1,0,,https://s3-us-west-2.amazonaws.com/human-pangenomics/working/HPP/AMED/NA18940/raw_data/nanopore/dorado0.5.3_sup4.3.0_5mCG_5hmCG/11_28_23_R1041_AMED-Collaboration-HPRC_NA18940_1_dorado0.5.3_sup4.3.0_5mCG_5hmCG.bam,https://s3-us-west-2.amazonaws.com/human-pangenomics/working/HPP/AMED/NA18940/raw_data/Illumina/child/NA18940.final.fq.gz
NA18943,0,0,7,81.4,NA18943.final.fq.gz,33.58,fastq,0,1,1,0,,https://s3-us-west-2.amazonaws.com/human-pangenomics/working/HPP/AMED/NA18943/raw_data/nanopore/dorado0.5.3_sup4.3.0_5mCG_5hmCG/11_28_23_R1041_AMED-Collaboration-HPRC_NA18943_1_dorado0.5.3_sup4.3.0_5mCG_5hmCG.bam,https://s3-us-west-2.amazonaws.com/human-pangenomics/working/HPP/AMED/NA18943/raw_data/Illumina/child/NA18943.final.fq.gz
NA18944,0,0,4,99.5,NA18944.final.fq.gz,31.64,fastq,0,1,1,0,,https://s3-us-west-2.amazonaws.com/human-pangenomics/working/HPP/AMED/NA18944/raw_data/nanopore/dorado0.5.3_sup4.3.0_5mCG_5hmCG/11_28_23_R1041_AMED-Collaboration-HPRC_NA18944_1_dorado0.5.3_sup4.3.0_5mCG_5hmCG.bam,https://s3-us-west-2.amazonaws.com/human-pangenomics/working/HPP/AMED/NA18944/raw_data/Illumina/child/NA18944.final.fq.gz
NA18945,0,0,7,65.0,NA18945.final.fq.gz,34.88,fastq,0,1,1,0,,https://s3-us-west-2.amazonaws.com/human-pangenomics/working/HPP/AMED/NA18945/raw_data/nanopore/dorado0.5.3_sup4.3.0_5mCG_5hmCG/12_05_23_R1041_AMED-Collaboration-HPRC_NA18945_1_dorado0.5.3_sup4.3.0_5mCG_5hmCG.bam,https://s3-us-west-2.amazonaws.com/human-pangenomics/working/HPP/AMED/NA18945/raw_data/Illumina/child/NA18945.final.fq.gz
NA18948,0,0,5,94.1,NA18948.final.fq.gz,32.55,fastq,0,1,1,0,,https://s3-us-west-2.amazonaws.com/human-pangenomics/working/HPP/AMED/NA18948/raw_data/nanopore/dorado0.5.3_sup4.3.0_5mCG_5hmCG/01_09_24_R1041_AMED-Collaboration-HPRC_NA18948_1_dorado0.5.3_sup4.3.0_5mCG_5hmCG.bam,https://s3-us-west-2.amazonaws.com/human-pangenomics/working/HPP/AMED/NA18948/raw_data/Illumina/child/NA18948.final.fq.gz
NA18952,2,76.3,3,76.1,NA18952.final.cram,37.69,cram,1,1,1,1,https://s3-us-west-2.amazonaws.com/human-pangenomics/working/HPRC/NA18952/raw_data/PacBio_HiFi/m84081_230609_201402_s3.hifi_reads.bc2009.bam,https://s3-us-west-2.amazonaws.com/human-pangenomics/working/HPRC/NA18952/raw_data/nanopore/dorado0.6.0_sup4.3.0_5mCG_5hmCG/11_28_23_R1041_HPRC_NA18952_1_dorado0.6.0_sup4.3.0_5mCG_5hmCG.bam,https://s3-us-west-2.amazonaws.com/human-pangenomics/working/HPRC/NA18952/raw_data/Illumina/child/NA18952.final.cram
NA18959,0,0,3,69.0,NA18959.final.fq.gz,45.36,fastq,0,1,1,0,,https://s3-us-west-2.amazonaws.com/human-pangenomics/working/HPP/AMED/NA18959/raw_data/nanopore/dorado0.5.3_sup4.3.0_5mCG_5hmCG/01_09_24_R1041_AMED-Collaboration-HPRC_NA18959_1_dorado0.5.3_sup4.3.0_5mCG_5hmCG.bam,https://s3-us-west-2.amazonaws.com/human-pangenomics/working/HPP/AMED/NA18959/raw_data/Illumina/child/NA18959.final.fq.gz
NA18960,0,0,3,77.5,NA18960.final.fq.gz,35.03,fastq,0,1,1,0,,https://s3-us-west-2.amazonaws.com/human-pangenomics/working/HPP/AMED/NA18960/raw_data/nanopore/dorado0.5.3_sup4.3.0_5mCG_5hmCG/01_09_24_R1041_AMED-Collaboration-HPRC_NA18960_1_dorado0.5.3_sup4.3.0_5mCG_5hmCG.bam,https://s3-us-west-2.amazonaws.com/human-pangenomics/working/HPP/AMED/NA18960/raw_data/Illumina/child/NA18960.final.fq.gz
NA18967,0,0,4,65.9,NA18967.final.fq.gz,35.67,fastq,0,1,1,0,,https://s3-us-west-2.amazonaws.com/human-pangenomics/working/HPP/AMED/NA18967/raw_data/nanopore/dorado0.5.3_sup4.3.0_5mCG_5hmCG/01_09_24_R1041_AMED-Collaboration-HPRC_NA18967_1_dorado0.5.3_sup4.3.0_5mCG_5hmCG.bam,https://s3-us-west-2.amazonaws.com/human-pangenomics/working/HPRC/NA18967/raw_data/Illumina/child/NA18967.final.fq.gz
NA18970,0,0,3,66.8,NA18970.final.fq.gz,40.67,fastq,0,1,1,0,,https://s3-us-west-2.amazonaws.com/human-pangenomics/working/HPP/AMED/NA18970/raw_data/nanopore/dorado0.5.3_sup4.3.0_5mCG_5hmCG/01_09_24_R1041_AMED-Collaboration-HPRC_NA18970_1_dorado0.5.3_sup4.3.0_5mCG_5hmCG.bam,https://s3-us-west-2.amazonaws.com/human-pangenomics/working/HPRC/NA18970/raw_data/Illumina/child/NA18970.final.fq.gz
NA18971,2,26.5,0,0,NA18971.final.cram,36.68,cram,1,0,1,0,https://s3-us-west-2.amazonaws.com/human-pangenomics/working/HPRC/NA18971/raw_data/PacBio_HiFi/m84081_230628_183924_s1.hifi_reads.bc1011.bam,,https://s3-us-west-2.amazonaws.com/human-pangenomics/working/HPRC/NA18971/raw_data/Illumina/child/NA18971.final.cram
NA18974,2,81.6,4,85.2,NA18974.final.cram,46.4,cram,1,1,1,1,https://s3-us-west-2.amazonaws.com/human-pangenomics/working/HPRC/NA18974/raw_data/PacBio_HiFi/m84081_230601_213444_s3.hifi_reads.bc2008.bam,https://s3-us-west-2.amazonaws.com/human-pangenomics/working/HPRC/NA18974/raw_data/nanopore/dorado0.6.0_sup4.3.0_5mCG_5hmCG/11_28_23_R1041_HPRC_NA18974_3_dorado0.6.0_sup4.3.0_5mCG_5hmCG.bam,https://s3-us-west-2.amazonaws.com/human-pangenomics/working/HPRC/NA18974/raw_data/Illumina/child/NA18974.final.cram
NA18976,2,73.4,3,64.8,NA18976.final.cram,35.19,cram,1,1,1,1,https://s3-us-west-2.amazonaws.com/human-pangenomics/working/HPRC/NA18976/raw_data/PacBio_HiFi/m84081_230610_192218_s1.hifi_reads.bc2010.bam,https://s3-us-west-2.amazonaws.com/human-pangenomics/working/HPRC/NA18976/raw_data/nanopore/dorado0.6.0_sup4.3.0_5mCG_5hmCG/12_12_23_R1041_HPRC_NA18976_2_dorado0.6.0_sup4.3.0_5mCG_5hmCG.bam,https://s3-us-west-2.amazonaws.com/human-pangenomics/working/HPRC/NA18976/raw_data/Illumina/child/NA18976.final.cram
NA18982,0,0,4,61.9,NA18982.final.fq.gz,31.0,fastq,0,1,1,0,,https://s3-us-west-2.amazonaws.com/human-pangenomics/working/HPP/AMED/NA18982/raw_data/nanopore/dorado0.5.3_sup4.3.0_5mCG_5hmCG/01_09_24_R1041_AMED-Collaboration-HPRC_NA18982_1_dorado0.5.3_sup4.3.0_5mCG_5hmCG.bam,https://s3-us-west-2.amazonaws.com/human-pangenomics/working/HPP/AMED/NA18982/raw_data/Illumina/child/NA18982.final.fq.gz
NA18983,1,17.5,0,0,NA18983.final.cram,33.12,cram,1,0,1,0,https://s3-us-west-2.amazonaws.com/human-pangenomics/working/HPRC/NA18983/raw_data/PacBio_HiFi/m84046_230623_210640_s1.hifi_reads.bc2055.bam,,https://s3-us-west-2.amazonaws.com/human-pangenomics/working/HPRC/NA18983/raw_data/Illumina/child/NA18983.final.cram
NA19036,2,64.3,6,91.5,NA19036.final.cram,53.82,cram,1,1,1,1,https://s3-us-west-2.amazonaws.com/human-pangenomics/working/HPRC/NA19036/raw_data/PacBio_HiFi/m84091_230718_161058_s2.hifi_reads.bc1022.bam,https://s3-us-west-2.amazonaws.com/human-pangenomics/working/HPRC/NA19036/raw_data/nanopore/dorado0.6.0_sup4.3.0_5mCG_5hmCG/12_05_23_R1041_HPRC_NA19036_2_dorado0.6.0_sup4.3.0_5mCG_5hmCG.bam,https://s3-us-west-2.amazonaws.com/human-pangenomics/working/HPRC/NA19036/raw_data/Illumina/child/NA19036.final.cram
NA19043,2,12.1,0,0,NA19043.final.cram,42.56,cram,1,0,1,0,https://s3-us-west-2.amazonaws.com/human-pangenomics/working/HPRC/NA19043/raw_data/PacBio_HiFi/m84046_230712_000908_s4.hifi_reads.bc2061.bam,,https://s3-us-west-2.amazonaws.com/human-pangenomics/working/HPRC/NA19043/raw_data/Illumina/child/NA19043.final.cram
NA19087,1,18.8,0,0,NA19087.final.cram,36.83,cram,1,0,1,0,https://s3-us-west-2.amazonaws.com/human-pangenomics/working/HPRC/NA19087/raw_data/PacBio_HiFi/m84091_231120_185935_s2.hifi_reads.bc1016.bam,,https://s3-us-west-2.amazonaws.com/human-pangenomics/working/HPRC/NA19087/raw_data/Illumina/child/NA19087.final.cram
NA19159,1,7.6,0,0,NA19159.final.cram,37.39,cram,1,0,1,0,https://s3-us-west-2.amazonaws.com/human-pangenomics/working/HPRC/NA19159/raw_data/PacBio_HiFi/m84091_230817_150246_s3.hifi_reads.bc1015.bam,,https://s3-us-west-2.amazonaws.com/human-pangenomics/working/HPRC/NA19159/raw_data/Illumina/child/NA19159.final.cram
NA19185,1,8.8,0,0,NA19185.final.cram,41.1,cram,1,0,1,0,https://s3-us-west-2.amazonaws.com/human-pangenomics/working/HPRC/NA19185/raw_data/PacBio_HiFi/m84091_231120_182829_s1.hifi_reads.bc1017.bam,,https://s3-us-west-2.amazonaws.com/human-pangenomics/working/HPRC/NA19185/raw_data/Illumina/child/NA19185.final.cram
NA19240,0,0,3,73.9,NA19240.final.cram,33.03,cram,0,1,1,0,,https://s3-us-west-2.amazonaws.com/human-pangenomics/working/HPRC_PLUS/NA19240/raw_data/nanopore/dorado0.7.2_sup4.1.0_5mCG_5hmCG/03_14_23_R1041_NA19240_1_dorado0.7.2_sup4.1.0_5mCG_5hmCG.bam,https://s3-us-west-2.amazonaws.com/human-pangenomics/working/HPRC_PLUS/NA19240/raw_data/Illumina/child/NA19240.final.cram
NA19338,3,20.6,0,0,NA19338.final.cram,35.52,cram,1,0,1,0,https://s3-us-west-2.amazonaws.com/human-pangenomics/working/HPRC/NA19338/raw_data/PacBio_HiFi/m84091_230705_174256_s2.hifi_reads.bc1002.bam,,https://s3-us-west-2.amazonaws.com/human-pangenomics/working/HPRC/NA19338/raw_data/Illumina/child/NA19338.final.cram
NA19391,1,22.9,0,0,NA19391.final.cram,35.36,cram,1,0,1,0,https://s3-us-west-2.amazonaws.com/human-pangenomics/working/HPRC/NA19391/raw_data/PacBio_HiFi/m84091_231120_175800_s4.hifi_reads.bc1015.bam,,https://s3-us-west-2.amazonaws.com/human-pangenomics/working/HPRC/NA19391/raw_data/Illumina/child/NA19391.final.cram
NA19443,5,62.8,5,69.8,NA19443.final.cram,36.16,cram,1,1,1,1,https://s3-us-west-2.amazonaws.com/human-pangenomics/working/HPRC/NA19443/raw_data/PacBio_HiFi/m84046_230712_231732_s2.hifi_reads.bc2053.bam,https://s3-us-west-2.amazonaws.com/human-pangenomics/working/HPRC/NA19443/raw_data/nanopore/dorado0.6.0_sup4.3.0_5mCG_5hmCG/12_12_23_R1041_HPRC_NA19443_3_dorado0.6.0_sup4.3.0_5mCG_5hmCG.bam,https://s3-us-west-2.amazonaws.com/human-pangenomics/working/HPRC/NA19443/raw_data/Illumina/child/NA19443.final.cram
NA19468,2,19.8,0,0,NA19468.final.cram,35.87,cram,1,0,1,0,https://s3-us-west-2.amazonaws.com/human-pangenomics/working/HPRC/NA19468/raw_data/PacBio_HiFi/m84091_231208_194716_s4.hifi_reads.bc1008.bam,,https://s3-us-west-2.amazonaws.com/human-pangenomics/working/HPRC/NA19468/raw_data/Illumina/child/NA19468.final.cram
NA19682,4,62.6,4,86.8,NA19682.final.cram,34.54,cram,1,1,1,1,https://s3-us-west-2.amazonaws.com/human-pangenomics/working/HPRC/NA19682/raw_data/PacBio_HiFi/m84046_230504_195327_s1.hifi_reads.bc2090.bam,https://s3-us-west-2.amazonaws.com/human-pangenomics/working/HPRC/NA19682/raw_data/nanopore/dorado0.6.0_sup4.3.0_5mCG_5hmCG/11_28_23_R1041_HPRC_NA19682_4_dorado0.6.0_sup4.3.0_5mCG_5hmCG.bam,https://s3-us-west-2.amazonaws.com/human-pangenomics/working/HPRC/NA19682/raw_data/Illumina/child/NA19682.final.cram
NA19700,4,60.6,6,61.7,NA19700.final.cram,36.05,cram,1,1,1,1,https://s3-us-west-2.amazonaws.com/human-pangenomics/working/HPRC/NA19700/raw_data/PacBio_HiFi/m84046_230428_224315_s2.hifi_reads.bc2091.bam,https://s3-us-west-2.amazonaws.com/human-pangenomics/working/HPRC/NA19700/raw_data/nanopore/dorado0.6.0_sup4.3.0_5mCG_5hmCG/09_12_23_R1041_HPRC_NA19700_3_dorado0.6.0_sup4.3.0_5mCG_5hmCG.bam,https://s3-us-west-2.amazonaws.com/human-pangenomics/working/HPRC/NA19700/raw_data/Illumina/child/NA19700.final.cram
NA19776,3,62.4,3,90.7,NA19776.final.cram,35.56,cram,1,1,1,1,https://s3-us-west-2.amazonaws.com/human-pangenomics/working/HPRC/NA19776/raw_data/PacBio_HiFi/m84046_230513_215634_s1.hifi_reads.bc2014.bam,https://s3-us-west-2.amazonaws.com/human-pangenomics/working/HPRC/NA19776/raw_data/nanopore/dorado0.6.0_sup4.3.0_5mCG_5hmCG/10_24_23_R1041_HPRC_NA19776_1_dorado0.6.0_sup4.3.0_5mCG_5hmCG.bam,https://s3-us-west-2.amazonaws.com/human-pangenomics/working/HPRC/NA19776/raw_data/Illumina/child/NA19776.final.cram
NA19835,3,62.4,3,83.0,NA19835.final.cram,45.52,cram,1,1,1,1,https://s3-us-west-2.amazonaws.com/human-pangenomics/working/HPRC/NA19835/raw_data/PacBio_HiFi/m84091_230718_164204_s3.hifi_reads.bc1001.bam,https://s3-us-west-2.amazonaws.com/human-pangenomics/working/HPRC/NA19835/raw_data/nanopore/dorado0.6.0_sup4.3.0_5mCG_5hmCG/10_31_23_R1041_HPRC_NA19835_3_dorado0.6.0_sup4.3.0_5mCG_5hmCG.bam,https://s3-us-west-2.amazonaws.com/human-pangenomics/working/HPRC/NA19835/raw_data/Illumina/child/NA19835.final.cram
NA19909,6,189.8,3,79.9,NA19909.final.cram,35.32,cram,1,1,1,1,https://s3-us-west-2.amazonaws.com/human-pangenomics/working/HPRC/NA19909/raw_data/PacBio_HiFi/m84081_230523_180945_s1.hifi_reads.bc2005.bam,https://s3-us-west-2.amazonaws.com/human-pangenomics/working/HPRC/NA19909/raw_data/nanopore/dorado0.6.0_sup4.3.0_5mCG_5hmCG/11_14_23_R1041_HPRC_NA19909_2_dorado0.6.0_sup4.3.0_5mCG_5hmCG.bam,https://s3-us-west-2.amazonaws.com/human-pangenomics/working/HPRC/NA19909/raw_data/Illumina/child/NA19909.final.cram
NA20129,0,0,3,74.6,NA20129.final.cram,34.09,cram,0,1,1,0,,https://s3-us-west-2.amazonaws.com/human-pangenomics/working/HPRC_PLUS/NA20129/raw_data/nanopore/dorado0.7.2_sup4.1.0_5mCG_5hmCG/03_08_23_R1041_NA20129_1_dorado0.7.2_sup4.1.0_5mCG_5hmCG.bam,https://s3-us-west-2.amazonaws.com/human-pangenomics/working/HPRC_PLUS/NA20129/raw_data/Illumina/child/NA20129.final.cram
NA20282,2,69.8,3,68.4,NA20282.final.cram,34.21,cram,1,1,1,1,https://s3-us-west-2.amazonaws.com/human-pangenomics/working/HPRC/NA20282/raw_data/PacBio_HiFi/m84081_230516_191559_s1.hifi_reads.bc2004.bam,https://s3-us-west-2.amazonaws.com/human-pangenomics/working/HPRC/NA20282/raw_data/nanopore/dorado0.6.0_sup4.3.0_5mCG_5hmCG/12_12_23_R1041_HPRC_NA20282_3_dorado0.6.0_sup4.3.0_5mCG_5hmCG.bam,https://s3-us-west-2.amazonaws.com/human-pangenomics/working/HPRC/NA20282/raw_data/Illumina/child/NA20282.final.cram
NA20346,2,60.1,4,87.3,NA20346.final.cram,35.84,cram,1,1,1,1,https://s3-us-west-2.amazonaws.com/human-pangenomics/working/HPRC/NA20346/raw_data/PacBio_HiFi/m84081_230523_184006_s2.hifi_reads.bc2006.bam,https://s3-us-west-2.amazonaws.com/human-pangenomics/working/HPRC/NA20346/raw_data/nanopore/dorado0.6.0_sup4.3.0_5mCG_5hmCG/11_28_23_R1041_HPRC_NA20346_2_dorado0.6.0_sup4.3.0_5mCG_5hmCG.bam,https://s3-us-west-2.amazonaws.com/human-pangenomics/working/HPRC/NA20346/raw_data/Illumina/child/NA20346.final.cram
NA20503,0,0,3,63.2,NA20503.final.cram,39.31,cram,0,1,1,0,,https://s3-us-west-2.amazonaws.com/human-pangenomics/working/HPRC/NA20503/raw_data/nanopore/dorado0.6.0_sup4.3.0_5mCG_5hmCG/12_12_23_R1041_HPRC_NA20503_1_dorado0.6.0_sup4.3.0_5mCG_5hmCG.bam,https://s3-us-west-2.amazonaws.com/human-pangenomics/working/HPRC/NA20503/raw_data/Illumina/child/NA20503.final.cram
NA20752,1,21.3,0,0,NA20752.final.cram,35.27,cram,1,0,1,0,https://s3-us-west-2.amazonaws.com/human-pangenomics/working/HPRC/NA20752/raw_data/PacBio_HiFi/m84046_230517_211630_s4.hifi_reads.bc2052.bam,,https://s3-us-west-2.amazonaws.com/human-pangenomics/working/HPRC/NA20752/raw_data/Illumina/child/NA20752.final.cram
NA20762,0,0,5,75.0,NA20762.final.cram,57.48,cram,0,1,1,0,,https://s3-us-west-2.amazonaws.com/human-pangenomics/working/HPRC/NA20762/raw_data/nanopore/dorado0.6.0_sup4.3.0_5mCG_5hmCG/01_23_24_R1041_HPRC_NA20762_2_dorado0.6.0_sup4.3.0_5mCG_5hmCG.bam,https://s3-us-west-2.amazonaws.com/human-pangenomics/working/HPRC/NA20762/raw_data/Illumina/child/NA20762.final.cram
NA20799,2,21.2,0,0,NA20799.final.cram,36.01,cram,1,0,1,0,https://s3-us-west-2.amazonaws.com/human-pangenomics/working/HPRC/NA20799/raw_data/PacBio_HiFi/m84091_231208_204928_s2.hifi_reads.bc1018.bam,,https://s3-us-west-2.amazonaws.com/human-pangenomics/working/HPRC/NA20799/raw_data/Illumina/child/NA20799.final.cram
NA20805,1,14.6,0,0,NA20805.final.cram,37.41,cram,1,0,1,0,https://s3-us-west-2.amazonaws.com/human-pangenomics/working/HPRC/NA20805/raw_data/PacBio_HiFi/m84081_230728_191731_s1.hifi_reads.bc2027.bam,,https://s3-us-west-2.amazonaws.com/human-pangenomics/working/HPRC/NA20805/raw_data/Illumina/child/NA20805.final.cram
NA20806,0,0,4,95.5,NA20806.final.cram,38.38,cram,0,1,1,0,,https://s3-us-west-2.amazonaws.com/human-pangenomics/working/HPRC/NA20806/raw_data/nanopore/dorado0.6.0_sup4.3.0_5mCG_5hmCG/12_12_23_R1041_HPRC_NA20806_1_dorado0.6.0_sup4.3.0_5mCG_5hmCG.bam,https://s3-us-west-2.amazonaws.com/human-pangenomics/working/HPRC/NA20806/raw_data/Illumina/child/NA20806.final.cram
NA20809,3,59.1,3,69.9,NA20809.final.cram,36.31,cram,1,1,1,1,https://s3-us-west-2.amazonaws.com/human-pangenomics/working/HPRC/NA20809/raw_data/PacBio_HiFi/m84081_230715_203436_s1.hifi_reads.bc2022.bam,https://s3-us-west-2.amazonaws.com/human-pangenomics/working/HPRC/NA20809/raw_data/nanopore/dorado0.6.0_sup4.3.0_5mCG_5hmCG/08_08_23_R1041_HPRC_NA20809_3_dorado0.6.0_sup4.3.0_5mCG_5hmCG.bam,https://s3-us-west-2.amazonaws.com/human-pangenomics/working/HPRC/NA20809/raw_data/Illumina/child/NA20809.final.cram
NA20827,0,0,5,84.6,NA20827.final.cram,44.47,cram,0,1,1,0,,https://s3-us-west-2.amazonaws.com/human-pangenomics/working/HPRC/NA20827/raw_data/nanopore/dorado0.6.0_sup4.3.0_5mCG_5hmCG/11_28_23_R1041_HPRC_NA20827_2_dorado0.6.0_sup4.3.0_5mCG_5hmCG.bam,https://s3-us-west-2.amazonaws.com/human-pangenomics/working/HPRC/NA20827/raw_data/Illumina/child/NA20827.final.cram
NA20850,3,60.6,3,64.0,NA20850.final.cram,50.96,cram,1,1,1,1,https://s3-us-west-2.amazonaws.com/human-pangenomics/working/HPRC/NA20850/raw_data/PacBio_HiFi/m84046_230721_182333_s4.hifi_reads.bc2092.bam,https://s3-us-west-2.amazonaws.com/human-pangenomics/working/HPRC/NA20850/raw_data/nanopore/dorado0.6.0_sup4.3.0_5mCG_5hmCG/08_08_23_R1041_HPRC_NA20850_1_dorado0.6.0_sup4.3.0_5mCG_5hmCG.bam,https://s3-us-west-2.amazonaws.com/human-pangenomics/working/HPRC/NA20850/raw_data/Illumina/child/NA20850.final.cram
NA20870,2,70.3,3,79.3,NA20870.final.cram,34.65,cram,1,1,1,1,https://s3-us-west-2.amazonaws.com/human-pangenomics/working/HPRC/NA20870/raw_data/PacBio_HiFi/m84091_230703_175432_s4.hifi_reads.bc1010.bam,https://s3-us-west-2.amazonaws.com/human-pangenomics/working/HPRC/NA20870/raw_data/nanopore/dorado0.6.0_sup4.3.0_5mCG_5hmCG/11_14_23_R1041_HPRC_NA20870_1_dorado0.6.0_sup4.3.0_5mCG_5hmCG.bam,https://s3-us-west-2.amazonaws.com/human-pangenomics/working/HPRC/NA20870/raw_data/Illumina/child/NA20870.final.cram
NA20905,2,12.3,0,0,NA20905.final.cram,52.06,cram,1,0,1,0,https://s3-us-west-2.amazonaws.com/human-pangenomics/working/HPRC/NA20905/raw_data/PacBio_HiFi/m84046_230522_234602_s2.hifi_reads.bc2060.bam,,https://s3-us-west-2.amazonaws.com/human-pangenomics/working/HPRC/NA20905/raw_data/Illumina/child/NA20905.final.cram
NA21093,4,62.5,4,96.6,NA21093.final.cram,46.45,cram,1,1,1,1,https://s3-us-west-2.amazonaws.com/human-pangenomics/working/HPRC/NA21093/raw_data/PacBio_HiFi/m84046_230428_231421_s3.hifi_reads.bc2094.bam,https://s3-us-west-2.amazonaws.com/human-pangenomics/working/HPRC/NA21093/raw_data/nanopore/dorado0.6.0_sup4.3.0_5mCG_5hmCG/12_12_23_R1041_HPRC_NA21093_3_dorado0.6.0_sup4.3.0_5mCG_5hmCG.bam,https://s3-us-west-2.amazonaws.com/human-pangenomics/working/HPRC/NA21093/raw_data/Illumina/child/NA21093.final.cram
NA21102,3,62.3,5,59.8,NA21102.final.cram,44.04,cram,1,1,1,1,https://s3-us-west-2.amazonaws.com/human-pangenomics/working/HPRC/NA21102/raw_data/PacBio_HiFi/m84081_230715_213648_s3.hifi_reads.bc2023.bam,https://s3-us-west-2.amazonaws.com/human-pangenomics/working/HPRC/NA21102/raw_data/nanopore/dorado0.6.0_sup4.3.0_5mCG_5hmCG/01_23_24_R1041_HPRC_NA21102_2_dorado0.6.0_sup4.3.0_5mCG_5hmCG.bam,https://s3-us-west-2.amazonaws.com/human-pangenomics/working/HPRC/NA21102/raw_data/Illumina/child/NA21102.final.cram
NA21106,4,63.0,4,77.7,NA21106.final.cram,57.83,cram,1,1,1,1,https://s3-us-west-2.amazonaws.com/human-pangenomics/working/HPRC/NA21106/raw_data/PacBio_HiFi/m84046_230508_200815_s4.hifi_reads.bc2089.bam,https://s3-us-west-2.amazonaws.com/human-pangenomics/working/HPRC/NA21106/raw_data/nanopore/dorado0.6.0_sup4.3.0_5mCG_5hmCG/10_24_23_R1041_HPRC_NA21106_1_dorado0.6.0_sup4.3.0_5mCG_5hmCG.bam,https://s3-us-west-2.amazonaws.com/human-pangenomics/working/HPRC/NA21106/raw_data/Illumina/child/NA21106.final.cram
NA21110,3,61.9,3,80.9,NA21110.final.cram,51.87,cram,1,1,1,1,https://s3-us-west-2.amazonaws.com/human-pangenomics/working/HPRC/NA21110/raw_data/PacBio_HiFi/m84091_230710_165908_s1.hifi_reads.bc1011.bam,https://s3-us-west-2.amazonaws.com/human-pangenomics/working/HPRC/NA21110/raw_data/nanopore/dorado0.6.0_sup4.3.0_5mCG_5hmCG/01_16_24_R1041_HPRC_NA21110_1_dorado0.6.0_sup4.3.0_5mCG_5hmCG.bam,https://s3-us-west-2.amazonaws.com/human-pangenomics/working/HPRC/NA21110/raw_data/Illumina/child/NA21110.final.cram
NA21144,2,77.4,5,79.0,NA21144.final.cram,32.26,cram,1,1,1,1,https://s3-us-west-2.amazonaws.com/human-pangenomics/working/HPRC/NA21144/raw_data/PacBio_HiFi/m84081_230629_184915_s1.hifi_reads.bc2018.bam,https://s3-us-west-2.amazonaws.com/human-pangenomics/working/HPRC/NA21144/raw_data/nanopore/dorado0.6.0_sup4.3.0_5mCG_5hmCG/12_05_23_R1041_HPRC_NA21144_1_dorado0.6.0_sup4.3.0_5mCG_5hmCG.bam,https://s3-us-west-2.amazonaws.com/human-pangenomics/working/HPRC/NA21144/raw_data/Illumina/child/NA21144.final.cram
NA21309,0,0,3,73.1,AATGACGC-AATGACGC_S5_L001_R2_001.fastq.gz,22.48,fastq,0,1,1,0,,https://s3-us-west-2.amazonaws.com/human-pangenomics/working/HPRC_PLUS/NA21309/raw_data/nanopore/dorado0.7.2_sup4.1.0_5mCG_5hmCG/02_22_23_R1041_NA21309_1_dorado0.7.2_sup4.1.0_5mCG_5hmCG.bam,https://s3-us-west-2.amazonaws.com/human-pangenomics/working/HPRC_PLUS/NA21309/raw_data/Illumina/child/AATGACGC-AATGACGC_S5_L001_R2_001.fastq.gz
